date,event,importance
1927-01-26,NFP 고용보고서,high
1927-02-28,NFP 고용보고서,high
1927-03-28,NFP 고용보고서,high
1927-04-28,NFP 고용보고서,high
1927-05-27,NFP 고용보고서,high
1927-06-27,NFP 고용보고서,high
1927-07-28,NFP 고용보고서,high
1927-08-29,NFP 고용보고서,high
1927-09-28,NFP 고용보고서,high
1927-10-28,NFP 고용보고서,high
1927-11-28,NFP 고용보고서,high
1927-12-27,NFP 고용보고서,high
1928-01-27,NFP 고용보고서,high
1928-02-27,NFP 고용보고서,high
1928-03-28,NFP 고용보고서,high
1928-04-28,NFP 고용보고서,high
1928-05-28,NFP 고용보고서,high
1928-06-28,NFP 고용보고서,high
1928-07-28,NFP 고용보고서,high
1928-08-27,NFP 고용보고서,high
1928-09-28,NFP 고용보고서,high
1928-10-29,NFP 고용보고서,high
1928-11-28,NFP 고용보고서,high
1928-12-28,NFP 고용보고서,high
1929-01-29,NFP 고용보고서,high
1929-03-01,NFP 고용보고서,high
1929-03-26,NFP 고용보고서,high
1929-04-27,NFP 고용보고서,high
1929-05-27,NFP 고용보고서,high
1929-06-27,NFP 고용보고서,high
1929-07-27,NFP 고용보고서,high
1929-08-28,NFP 고용보고서,high
1929-09-26,NFP 고용보고서,high
1929-10-26,NFP 고용보고서,high
1929-11-27,NFP 고용보고서,high
1929-12-23,NFP 고용보고서,high
1930-01-24,NFP 고용보고서,high
1930-02-24,NFP 고용보고서,high
1930-03-24,NFP 고용보고서,high
1930-04-24,NFP 고용보고서,high
1930-05-24,NFP 고용보고서,high
1930-06-25,NFP 고용보고서,high
1930-07-25,NFP 고용보고서,high
1930-08-25,NFP 고용보고서,high
1930-09-25,NFP 고용보고서,high
1930-10-24,NFP 고용보고서,high
1930-11-24,NFP 고용보고서,high
1930-12-26,NFP 고용보고서,high
1931-01-23,NFP 고용보고서,high
1931-02-26,NFP 고용보고서,high
1931-03-25,NFP 고용보고서,high
1931-04-24,NFP 고용보고서,high
1931-05-25,NFP 고용보고서,high
1931-06-26,NFP 고용보고서,high
1931-07-24,NFP 고용보고서,high
1931-08-26,NFP 고용보고서,high
1931-09-26,NFP 고용보고서,high
1931-10-26,NFP 고용보고서,high
1931-11-27,NFP 고용보고서,high
1931-12-24,NFP 고용보고서,high
1932-01-27,NFP 고용보고서,high
1932-02-29,NFP 고용보고서,high
1932-03-28,NFP 고용보고서,high
1932-04-28,NFP 고용보고서,high
1932-05-26,NFP 고용보고서,high
1932-06-24,NFP 고용보고서,high
1932-07-25,NFP 고용보고서,high
1932-08-25,NFP 고용보고서,high
1932-09-24,NFP 고용보고서,high
1932-10-26,NFP 고용보고서,high
1932-11-25,NFP 고용보고서,high
1932-12-24,NFP 고용보고서,high
1933-01-25,NFP 고용보고서,high
1933-02-27,NFP 고용보고서,high
1933-03-28,NFP 고용보고서,high
1933-04-26,NFP 고용보고서,high
1933-05-25,NFP 고용보고서,high
1933-06-24,NFP 고용보고서,high
1933-07-26,NFP 고용보고서,high
1933-08-24,NFP 고용보고서,high
1933-09-25,NFP 고용보고서,high
1933-10-26,NFP 고용보고서,high
1933-11-25,NFP 고용보고서,high
1933-12-24,NFP 고용보고서,high
1934-01-26,NFP 고용보고서,high
1934-02-26,NFP 고용보고서,high
1934-03-27,NFP 고용보고서,high
1934-04-23,NFP 고용보고서,high
1934-05-24,NFP 고용보고서,high
1934-06-25,NFP 고용보고서,high
1934-07-27,NFP 고용보고서,high
1934-08-25,NFP 고용보고서,high
1934-09-28,NFP 고용보고서,high
1934-10-25,NFP 고용보고서,high
1934-11-26,NFP 고용보고서,high
1934-12-26,NFP 고용보고서,high
1935-01-28,NFP 고용보고서,high
1935-02-26,NFP 고용보고서,high
1935-03-27,NFP 고용보고서,high
1935-04-27,NFP 고용보고서,high
1935-05-27,NFP 고용보고서,high
1935-06-25,NFP 고용보고서,high
1935-07-26,NFP 고용보고서,high
1935-08-26,NFP 고용보고서,high
1935-09-26,NFP 고용보고서,high
1935-10-27,NFP 고용보고서,high
1935-11-28,NFP 고용보고서,high
1935-12-27,NFP 고용보고서,high
1936-01-27,NFP 고용보고서,high
1936-02-26,NFP 고용보고서,high
1936-03-27,NFP 고용보고서,high
1936-04-25,NFP 고용보고서,high
1936-05-28,NFP 고용보고서,high
1936-06-27,NFP 고용보고서,high
1936-07-25,NFP 고용보고서,high
1936-08-28,NFP 고용보고서,high
1936-09-26,NFP 고용보고서,high
1936-10-28,NFP 고용보고서,high
1936-11-28,NFP 고용보고서,high
1936-12-25,NFP 고용보고서,high
1937-01-28,NFP 고용보고서,high
1937-02-28,NFP 고용보고서,high
1937-03-27,NFP 고용보고서,high
1937-04-26,NFP 고용보고서,high
1937-05-27,NFP 고용보고서,high
1937-06-27,NFP 고용보고서,high
1937-07-28,NFP 고용보고서,high
1937-08-27,NFP 고용보고서,high
1937-09-28,NFP 고용보고서,high
1937-10-29,NFP 고용보고서,high
1937-11-25,NFP 고용보고서,high
1937-12-24,NFP 고용보고서,high
1938-01-27,NFP 고용보고서,high
1938-02-26,NFP 고용보고서,high
1938-03-25,NFP 고용보고서,high
1938-04-27,NFP 고용보고서,high
1938-05-25,NFP 고용보고서,high
1938-06-24,NFP 고용보고서,high
1938-07-25,NFP 고용보고서,high
1938-08-25,NFP 고용보고서,high
1938-09-26,NFP 고용보고서,high
1938-10-27,NFP 고용보고서,high
1938-11-26,NFP 고용보고서,high
1938-12-25,NFP 고용보고서,high
1939-01-25,NFP 고용보고서,high
1939-02-27,NFP 고용보고서,high
1939-03-26,NFP 고용보고서,high
1939-04-26,NFP 고용보고서,high
1939-05-26,NFP 고용보고서,high
1939-06-24,NFP 고용보고서,high
1939-07-24,NFP 고용보고서,high
1939-08-18,NFP 고용보고서,high
1939-09-18,NFP 고용보고서,high
1939-10-20,NFP 고용보고서,high
1939-11-18,NFP 고용보고서,high
1939-12-19,NFP 고용보고서,high
1940-01-18,NFP 고용보고서,high
1940-02-19,NFP 고용보고서,high
1940-03-19,NFP 고용보고서,high
1940-04-18,NFP 고용보고서,high
1940-05-17,NFP 고용보고서,high
1940-06-19,NFP 고용보고서,high
1940-07-18,NFP 고용보고서,high
1940-08-19,NFP 고용보고서,high
1940-09-18,NFP 고용보고서,high
1940-10-15,NFP 고용보고서,high
1940-11-18,NFP 고용보고서,high
1940-12-19,NFP 고용보고서,high
1941-01-17,NFP 고용보고서,high
1941-02-17,NFP 고용보고서,high
1941-03-19,NFP 고용보고서,high
1941-04-19,NFP 고용보고서,high
1941-05-19,NFP 고용보고서,high
1941-06-20,NFP 고용보고서,high
1941-07-20,NFP 고용보고서,high
1941-08-20,NFP 고용보고서,high
1941-09-19,NFP 고용보고서,high
1941-10-20,NFP 고용보고서,high
1941-11-21,NFP 고용보고서,high
1941-12-20,NFP 고용보고서,high
1942-01-21,NFP 고용보고서,high
1942-02-21,NFP 고용보고서,high
1942-03-23,NFP 고용보고서,high
1942-04-22,NFP 고용보고서,high
1942-05-23,NFP 고용보고서,high
1942-06-19,NFP 고용보고서,high
1942-07-24,NFP 고용보고서,high
1942-08-24,NFP 고용보고서,high
1942-09-21,NFP 고용보고서,high
1942-10-24,NFP 고용보고서,high
1942-11-23,NFP 고용보고서,high
1942-12-22,NFP 고용보고서,high
1943-01-23,NFP 고용보고서,high
1943-02-25,NFP 고용보고서,high
1943-03-26,NFP 고용보고서,high
1943-04-22,NFP 고용보고서,high
1943-05-22,NFP 고용보고서,high
1943-06-23,NFP 고용보고서,high
1943-07-24,NFP 고용보고서,high
1943-08-25,NFP 고용보고서,high
1943-09-22,NFP 고용보고서,high
1943-10-26,NFP 고용보고서,high
1943-11-26,NFP 고용보고서,high
1943-12-27,NFP 고용보고서,high
1944-01-26,NFP 고용보고서,high
1944-02-26,NFP 고용보고서,high
1944-03-25,NFP 고용보고서,high
1944-04-26,NFP 고용보고서,high
1944-05-23,NFP 고용보고서,high
1944-06-23,NFP 고용보고서,high
1944-07-26,NFP 고용보고서,high
1944-08-26,NFP 고용보고서,high
1944-09-26,NFP 고용보고서,high
1944-10-27,NFP 고용보고서,high
1944-11-27,NFP 고용보고서,high
1944-12-26,NFP 고용보고서,high
1945-01-25,NFP 고용보고서,high
1945-02-27,NFP 고용보고서,high
1945-03-26,NFP 고용보고서,high
1945-04-25,NFP 고용보고서,high
1945-05-26,NFP 고용보고서,high
1945-06-23,NFP 고용보고서,high
1945-07-26,NFP 고용보고서,high
1945-08-25,NFP 고용보고서,high
1945-09-29,NFP 고용보고서,high
1945-10-26,NFP 고용보고서,high
1945-11-26,NFP 고용보고서,high
1945-12-22,NFP 고용보고서,high
1946-01-26,NFP 고용보고서,high
1946-02-28,NFP 고용보고서,high
1946-03-23,NFP 고용보고서,high
1946-04-23,NFP 고용보고서,high
1946-05-27,NFP 고용보고서,high
1946-06-28,NFP 고용보고서,high
1946-07-26,NFP 고용보고서,high
1946-08-28,NFP 고용보고서,high
1946-09-28,NFP 고용보고서,high
1946-10-28,NFP 고용보고서,high
1946-11-29,NFP 고용보고서,high
1946-12-21,NFP 고용보고서,high
1947-01-29,NFP 고용보고서,high
1947-02-27,NFP 고용보고서,high
1947-03-27,NFP 고용보고서,high
1947-04-29,NFP 고용보고서,high
1947-05-28,NFP 고용보고서,high
1947-06-27,NFP 고용보고서,high
1947-07-20,GDP 성장률 발표,normal
1947-07-30,NFP 고용보고서,high
1947-08-17,GDP 성장률 발표,normal
1947-08-27,NFP 고용보고서,high
1947-09-27,NFP 고용보고서,high
1947-10-24,NFP 고용보고서,high
1947-11-16,GDP 성장률 발표,normal
1947-11-26,NFP 고용보고서,high
1947-12-24,NFP 고용보고서,high
1948-01-28,NFP 고용보고서,high
1948-02-23,GDP 성장률 발표,normal
1948-02-26,NFP 고용보고서,high
1948-03-25,NFP 고용보고서,high
1948-04-24,NFP 고용보고서,high
1948-05-19,GDP 성장률 발표,normal
1948-05-26,NFP 고용보고서,high
1948-06-25,NFP 고용보고서,high
1948-07-11,GDP 성장률 발표,normal
1948-07-24,NFP 고용보고서,high
1948-08-23,GDP 성장률 발표,normal
1948-08-28,NFP 고용보고서,high
1948-09-28,NFP 고용보고서,high
1948-10-23,NFP 고용보고서,high
1948-11-20,GDP 성장률 발표,normal
1948-11-30,NFP 고용보고서,high
1948-12-30,NFP 고용보고서,high
1949-01-27,NFP 고용보고서,high
1949-02-22,GDP 성장률 발표,normal
1949-02-26,NFP 고용보고서,high
1949-03-24,CPI 소비자물가지수,high
1949-03-25,NFP 고용보고서,high
1949-04-22,CPI 소비자물가지수,high
1949-04-27,NFP 고용보고서,high
1949-05-16,GDP 성장률 발표,normal
1949-05-23,CPI 소비자물가지수,high
1949-05-26,NFP 고용보고서,high
1949-06-24,CPI 소비자물가지수,high
1949-06-28,NFP 고용보고서,high
1949-07-22,CPI 소비자물가지수,high
1949-07-27,NFP 고용보고서,high
1949-07-27,GDP 성장률 발표,normal
1949-08-16,GDP 성장률 발표,normal
1949-08-26,CPI 소비자물가지수,high
1949-08-30,NFP 고용보고서,high
1949-09-28,CPI 소비자물가지수,high
1949-09-30,NFP 고용보고서,high
1949-10-28,CPI 소비자물가지수,high
1949-10-28,NFP 고용보고서,high
1949-11-22,GDP 성장률 발표,normal
1949-11-28,CPI 소비자물가지수,high
1949-11-28,NFP 고용보고서,high
1949-12-28,CPI 소비자물가지수,high
1949-12-30,NFP 고용보고서,high
1950-01-26,CPI 소비자물가지수,high
1950-01-28,NFP 고용보고서,high
1950-02-20,GDP 성장률 발표,normal
1950-02-24,CPI 소비자물가지수,high
1950-03-01,NFP 고용보고서,high
1950-03-25,CPI 소비자물가지수,high
1950-03-30,NFP 고용보고서,high
1950-04-22,CPI 소비자물가지수,high
1950-04-28,NFP 고용보고서,high
1950-05-15,GDP 성장률 발표,normal
1950-05-20,CPI 소비자물가지수,high
1950-05-27,NFP 고용보고서,high
1950-06-25,CPI 소비자물가지수,high
1950-06-28,NFP 고용보고서,high
1950-07-22,CPI 소비자물가지수,high
1950-07-23,GDP 성장률 발표,normal
1950-07-25,NFP 고용보고서,high
1950-08-14,GDP 성장률 발표,normal
1950-08-23,CPI 소비자물가지수,high
1950-08-25,NFP 고용보고서,high
1950-09-24,CPI 소비자물가지수,high
1950-09-28,NFP 고용보고서,high
1950-10-24,CPI 소비자물가지수,high
1950-10-27,NFP 고용보고서,high
1950-11-20,GDP 성장률 발표,normal
1950-11-29,CPI 소비자물가지수,high
1950-11-30,NFP 고용보고서,high
1950-12-23,CPI 소비자물가지수,high
1950-12-30,NFP 고용보고서,high
1951-01-25,CPI 소비자물가지수,high
1951-01-30,NFP 고용보고서,high
1951-02-14,GDP 성장률 발표,normal
1951-02-28,NFP 고용보고서,high
1951-03-02,CPI 소비자물가지수,high
1951-03-24,CPI 소비자물가지수,high
1951-03-29,NFP 고용보고서,high
1951-04-20,CPI 소비자물가지수,high
1951-05-01,NFP 고용보고서,high
1951-05-20,GDP 성장률 발표,normal
1951-05-23,CPI 소비자물가지수,high
1951-05-29,NFP 고용보고서,high
1951-06-27,CPI 소비자물가지수,high
1951-06-29,NFP 고용보고서,high
1951-07-23,GDP 성장률 발표,normal
1951-07-26,CPI 소비자물가지수,high
1951-07-30,NFP 고용보고서,high
1951-08-19,GDP 성장률 발표,normal
1951-08-24,CPI 소비자물가지수,high
1951-08-27,NFP 고용보고서,high
1951-09-21,CPI 소비자물가지수,high
1951-10-01,NFP 고용보고서,high
1951-10-25,CPI 소비자물가지수,high
1951-10-30,NFP 고용보고서,high
1951-11-18,GDP 성장률 발표,normal
1951-11-23,CPI 소비자물가지수,high
1951-11-30,NFP 고용보고서,high
1951-12-21,CPI 소비자물가지수,high
1951-12-28,NFP 고용보고서,high
1952-01-25,CPI 소비자물가지수,high
1952-01-30,NFP 고용보고서,high
1952-02-17,GDP 성장률 발표,normal
1952-02-26,CPI 소비자물가지수,high
1952-02-29,NFP 고용보고서,high
1952-03-21,CPI 소비자물가지수,high
1952-03-31,NFP 고용보고서,high
1952-04-22,CPI 소비자물가지수,high
1952-04-29,NFP 고용보고서,high
1952-05-18,GDP 성장률 발표,normal
1952-05-22,CPI 소비자물가지수,high
1952-05-30,NFP 고용보고서,high
1952-06-19,CPI 소비자물가지수,high
1952-06-27,NFP 고용보고서,high
1952-07-22,GDP 성장률 발표,normal
1952-07-24,CPI 소비자물가지수,high
1952-07-30,NFP 고용보고서,high
1952-08-17,GDP 성장률 발표,normal
1952-08-21,CPI 소비자물가지수,high
1952-08-28,NFP 고용보고서,high
1952-09-19,CPI 소비자물가지수,high
1952-09-30,NFP 고용보고서,high
1952-10-24,CPI 소비자물가지수,high
1952-10-30,NFP 고용보고서,high
1952-11-17,GDP 성장률 발표,normal
1952-11-21,CPI 소비자물가지수,high
1952-12-01,NFP 고용보고서,high
1952-12-19,CPI 소비자물가지수,high
1953-01-02,NFP 고용보고서,high
1953-01-16,CPI 소비자물가지수,high
1953-02-02,NFP 고용보고서,high
1953-02-24,GDP 성장률 발표,normal
1953-02-27,CPI 소비자물가지수,high
1953-02-27,NFP 고용보고서,high
1953-03-26,CPI 소비자물가지수,high
1953-03-30,NFP 고용보고서,high
1953-04-22,CPI 소비자물가지수,high
1953-04-28,NFP 고용보고서,high
1953-05-17,GDP 성장률 발표,normal
1953-05-22,CPI 소비자물가지수,high
1953-05-29,NFP 고용보고서,high
1953-06-23,CPI 소비자물가지수,high
1953-06-26,NFP 고용보고서,high
1953-07-21,GDP 성장률 발표,normal
1953-07-22,CPI 소비자물가지수,high
1953-07-30,NFP 고용보고서,high
1953-08-09,GDP 성장률 발표,normal
1953-08-26,CPI 소비자물가지수,high
1953-08-31,NFP 고용보고서,high
1953-09-23,CPI 소비자물가지수,high
1953-09-30,NFP 고용보고서,high
1953-10-28,CPI 소비자물가지수,high
1953-10-30,NFP 고용보고서,high
1953-11-12,GDP 성장률 발표,normal
1953-11-25,CPI 소비자물가지수,high
1953-12-01,NFP 고용보고서,high
1953-12-23,CPI 소비자물가지수,high
1953-12-31,NFP 고용보고서,high
1954-01-22,CPI 소비자물가지수,high
1954-02-01,NFP 고용보고서,high
1954-02-15,NFP 고용보고서,high
1954-02-17,GDP 성장률 발표,normal
1954-02-26,CPI 소비자물가지수,high
1954-03-15,NFP 고용보고서,high
1954-03-24,CPI 소비자물가지수,high
1954-04-15,NFP 고용보고서,high
1954-04-22,CPI 소비자물가지수,high
1954-05-13,GDP 성장률 발표,normal
1954-05-17,NFP 고용보고서,high
1954-05-21,CPI 소비자물가지수,high
1954-06-14,NFP 고용보고서,high
1954-06-22,CPI 소비자물가지수,high
1954-07-13,GDP 성장률 발표,normal
1954-07-15,NFP 고용보고서,high
1954-07-23,CPI 소비자물가지수,high
1954-08-15,GDP 성장률 발표,normal
1954-08-16,NFP 고용보고서,high
1954-08-20,CPI 소비자물가지수,high
1954-09-15,NFP 고용보고서,high
1954-09-24,CPI 소비자물가지수,high
1954-10-14,NFP 고용보고서,high
1954-10-26,CPI 소비자물가지수,high
1954-11-14,GDP 성장률 발표,normal
1954-11-16,NFP 고용보고서,high
1954-11-24,CPI 소비자물가지수,high
1954-12-15,NFP 고용보고서,high
1954-12-22,CPI 소비자물가지수,high
1955-01-14,NFP 고용보고서,high
1955-01-21,CPI 소비자물가지수,high
1955-02-14,GDP 성장률 발표,normal
1955-02-15,NFP 고용보고서,high
1955-02-25,CPI 소비자물가지수,high
1955-03-15,NFP 고용보고서,high
1955-03-23,CPI 소비자물가지수,high
1955-04-14,NFP 고용보고서,high
1955-04-22,CPI 소비자물가지수,high
1955-05-15,GDP 성장률 발표,normal
1955-05-16,NFP 고용보고서,high
1955-05-20,CPI 소비자물가지수,high
1955-06-15,NFP 고용보고서,high
1955-06-23,CPI 소비자물가지수,high
1955-07-11,GDP 성장률 발표,normal
1955-07-14,NFP 고용보고서,high
1955-07-26,CPI 소비자물가지수,high
1955-08-14,GDP 성장률 발표,normal
1955-08-15,NFP 고용보고서,high
1955-08-23,CPI 소비자물가지수,high
1955-09-15,NFP 고용보고서,high
1955-09-23,CPI 소비자물가지수,high
1955-10-14,NFP 고용보고서,high
1955-10-21,CPI 소비자물가지수,high
1955-11-13,GDP 성장률 발표,normal
1955-11-16,NFP 고용보고서,high
1955-11-22,CPI 소비자물가지수,high
1955-12-14,NFP 고용보고서,high
1955-12-21,CPI 소비자물가지수,high
1956-01-17,NFP 고용보고서,high
1956-01-20,CPI 소비자물가지수,high
1956-01-22,GDP 성장률 발표,normal
1956-02-14,NFP 고용보고서,high
1956-02-14,GDP 성장률 발표,normal
1956-02-24,CPI 소비자물가지수,high
1956-03-15,NFP 고용보고서,high
1956-03-26,CPI 소비자물가지수,high
1956-04-16,NFP 고용보고서,high
1956-04-25,CPI 소비자물가지수,high
1956-05-09,GDP 성장률 발표,normal
1956-05-15,NFP 고용보고서,high
1956-05-24,CPI 소비자물가지수,high
1956-06-15,NFP 고용보고서,high
1956-06-26,CPI 소비자물가지수,high
1956-07-15,GDP 성장률 발표,normal
1956-07-16,NFP 고용보고서,high
1956-07-24,CPI 소비자물가지수,high
1956-08-13,GDP 성장률 발표,normal
1956-08-15,NFP 고용보고서,high
1956-08-24,CPI 소비자물가지수,high
1956-09-14,NFP 고용보고서,high
1956-09-21,CPI 소비자물가지수,high
1956-10-16,NFP 고용보고서,high
1956-10-25,CPI 소비자물가지수,high
1956-11-12,GDP 성장률 발표,normal
1956-11-15,NFP 고용보고서,high
1956-11-26,CPI 소비자물가지수,high
1956-12-14,NFP 고용보고서,high
1956-12-21,CPI 소비자물가지수,high
1957-01-15,NFP 고용보고서,high
1957-01-25,CPI 소비자물가지수,high
1957-02-15,NFP 고용보고서,high
1957-02-17,GDP 성장률 발표,normal
1957-02-21,CPI 소비자물가지수,high
1957-03-15,NFP 고용보고서,high
1957-03-22,CPI 소비자물가지수,high
1957-04-15,NFP 고용보고서,high
1957-04-23,CPI 소비자물가지수,high
1957-05-14,GDP 성장률 발표,normal
1957-05-15,NFP 고용보고서,high
1957-05-24,CPI 소비자물가지수,high
1957-06-17,NFP 고용보고서,high
1957-06-25,CPI 소비자물가지수,high
1957-07-11,GDP 성장률 발표,normal
1957-07-15,NFP 고용보고서,high
1957-07-24,CPI 소비자물가지수,high
1957-08-15,NFP 고용보고서,high
1957-08-15,GDP 성장률 발표,normal
1957-08-22,CPI 소비자물가지수,high
1957-09-16,NFP 고용보고서,high
1957-09-24,CPI 소비자물가지수,high
1957-10-15,NFP 고용보고서,high
1957-10-25,CPI 소비자물가지수,high
1957-11-15,NFP 고용보고서,high
1957-11-22,CPI 소비자물가지수,high
1957-11-24,GDP 성장률 발표,normal
1957-12-16,NFP 고용보고서,high
1957-12-20,CPI 소비자물가지수,high
1958-01-15,NFP 고용보고서,high
1958-01-21,CPI 소비자물가지수,high
1958-02-14,NFP 고용보고서,high
1958-02-23,GDP 성장률 발표,normal
1958-02-25,CPI 소비자물가지수,high
1958-03-17,NFP 고용보고서,high
1958-03-21,CPI 소비자물가지수,high
1958-04-14,NFP 고용보고서,high
1958-04-23,CPI 소비자물가지수,high
1958-05-13,GDP 성장률 발표,normal
1958-05-15,NFP 고용보고서,high
1958-05-22,CPI 소비자물가지수,high
1958-06-13,NFP 고용보고서,high
1958-06-24,CPI 소비자물가지수,high
1958-07-15,NFP 고용보고서,high
1958-07-16,GDP 성장률 발표,normal
1958-07-23,CPI 소비자물가지수,high
1958-08-15,NFP 고용보고서,high
1958-08-19,GDP 성장률 발표,normal
1958-08-22,CPI 소비자물가지수,high
1958-09-12,NFP 고용보고서,high
1958-09-19,CPI 소비자물가지수,high
1958-10-14,NFP 고용보고서,high
1958-10-23,CPI 소비자물가지수,high
1958-11-14,NFP 고용보고서,high
1958-11-20,GDP 성장률 발표,normal
1958-11-25,CPI 소비자물가지수,high
1958-12-12,NFP 고용보고서,high
1958-12-21,GDP 성장률 발표,normal
1958-12-23,CPI 소비자물가지수,high
1959-01-15,NFP 고용보고서,high
1959-01-23,CPI 소비자물가지수,high
1959-02-16,NFP 고용보고서,high
1959-02-19,GDP 성장률 발표,normal
1959-02-20,CPI 소비자물가지수,high
1959-03-16,NFP 고용보고서,high
1959-03-25,CPI 소비자물가지수,high
1959-04-15,NFP 고용보고서,high
1959-04-22,CPI 소비자물가지수,high
1959-05-15,NFP 고용보고서,high
1959-05-15,GDP 성장률 발표,normal
1959-05-22,CPI 소비자물가지수,high
1959-06-15,NFP 고용보고서,high
1959-06-19,CPI 소비자물가지수,high
1959-07-15,NFP 고용보고서,high
1959-07-19,GDP 성장률 발표,normal
1959-07-22,CPI 소비자물가지수,high
1959-08-14,NFP 고용보고서,high
1959-08-18,GDP 성장률 발표,normal
1959-08-21,CPI 소비자물가지수,high
1959-09-15,NFP 고용보고서,high
1959-09-23,CPI 소비자물가지수,high
1959-10-15,NFP 고용보고서,high
1959-10-23,CPI 소비자물가지수,high
1959-10-23,GDP 성장률 발표,normal
1959-11-13,GDP 성장률 발표,normal
1959-11-16,NFP 고용보고서,high
1959-11-25,CPI 소비자물가지수,high
1959-12-15,NFP 고용보고서,high
1959-12-22,CPI 소비자물가지수,high
1960-01-15,NFP 고용보고서,high
1960-01-22,CPI 소비자물가지수,high
1960-02-16,NFP 고용보고서,high
1960-02-16,GDP 성장률 발표,normal
1960-02-25,CPI 소비자물가지수,high
1960-03-16,NFP 고용보고서,high
1960-03-25,CPI 소비자물가지수,high
1960-04-15,NFP 고용보고서,high
1960-04-20,GDP 성장률 발표,normal
1960-04-25,CPI 소비자물가지수,high
1960-05-11,GDP 성장률 발표,normal
1960-05-16,NFP 고용보고서,high
1960-05-25,CPI 소비자물가지수,high
1960-06-15,NFP 고용보고서,high
1960-06-24,CPI 소비자물가지수,high
1960-07-15,NFP 고용보고서,high
1960-07-22,CPI 소비자물가지수,high
1960-07-22,GDP 성장률 발표,normal
1960-08-16,NFP 고용보고서,high
1960-08-23,GDP 성장률 발표,normal
1960-08-25,CPI 소비자물가지수,high
1960-09-16,NFP 고용보고서,high
1960-09-23,CPI 소비자물가지수,high
1960-10-14,NFP 고용보고서,high
1960-10-20,GDP 성장률 발표,normal
1960-10-26,CPI 소비자물가지수,high
1960-11-16,NFP 고용보고서,high
1960-11-20,GDP 성장률 발표,normal
1960-11-25,CPI 소비자물가지수,high
1960-12-16,NFP 고용보고서,high
1960-12-23,CPI 소비자물가지수,high
1961-01-16,NFP 고용보고서,high
1961-01-27,CPI 소비자물가지수,high
1961-02-16,NFP 고용보고서,high
1961-02-19,GDP 성장률 발표,normal
1961-02-28,CPI 소비자물가지수,high
1961-03-16,NFP 고용보고서,high
1961-03-24,CPI 소비자물가지수,high
1961-04-14,NFP 고용보고서,high
1961-04-20,GDP 성장률 발표,normal
1961-04-26,CPI 소비자물가지수,high
1961-05-12,NFP 고용보고서,high
1961-05-18,GDP 성장률 발표,normal
1961-05-25,CPI 소비자물가지수,high
1961-06-15,NFP 고용보고서,high
1961-06-27,CPI 소비자물가지수,high
1961-07-14,NFP 고용보고서,high
1961-07-19,GDP 성장률 발표,normal
1961-07-25,CPI 소비자물가지수,high
1961-08-15,NFP 고용보고서,high
1961-08-18,GDP 성장률 발표,normal
1961-08-25,CPI 소비자물가지수,high
1961-09-14,NFP 고용보고서,high
1961-09-26,CPI 소비자물가지수,high
1961-10-16,NFP 고용보고서,high
1961-10-20,GDP 성장률 발표,normal
1961-10-25,CPI 소비자물가지수,high
1961-11-16,NFP 고용보고서,high
1961-11-21,GDP 성장률 발표,normal
1961-11-28,CPI 소비자물가지수,high
1961-12-15,NFP 고용보고서,high
1961-12-22,CPI 소비자물가지수,high
1962-01-16,NFP 고용보고서,high
1962-01-26,CPI 소비자물가지수,high
1962-02-15,NFP 고용보고서,high
1962-02-24,GDP 성장률 발표,normal
1962-02-28,CPI 소비자물가지수,high
1962-03-15,NFP 고용보고서,high
1962-03-27,CPI 소비자물가지수,high
1962-04-13,NFP 고용보고서,high
1962-04-19,GDP 성장률 발표,normal
1962-04-24,CPI 소비자물가지수,high
1962-05-15,NFP 고용보고서,high
1962-05-18,GDP 성장률 발표,normal
1962-05-25,CPI 소비자물가지수,high
1962-06-15,NFP 고용보고서,high
1962-06-26,CPI 소비자물가지수,high
1962-07-16,NFP 고용보고서,high
1962-07-20,GDP 성장률 발표,normal
1962-07-25,CPI 소비자물가지수,high
1962-08-14,NFP 고용보고서,high
1962-08-14,GDP 성장률 발표,normal
1962-08-28,CPI 소비자물가지수,high
1962-09-14,NFP 고용보고서,high
1962-09-25,CPI 소비자물가지수,high
1962-10-16,NFP 고용보고서,high
1962-10-18,GDP 성장률 발표,normal
1962-10-26,CPI 소비자물가지수,high
1962-11-16,NFP 고용보고서,high
1962-11-20,GDP 성장률 발표,normal
1962-11-28,CPI 소비자물가지수,high
1962-12-14,NFP 고용보고서,high
1962-12-21,CPI 소비자물가지수,high
1963-01-15,NFP 고용보고서,high
1963-01-25,CPI 소비자물가지수,high
1963-02-14,NFP 고용보고서,high
1963-02-20,GDP 성장률 발표,normal
1963-02-27,CPI 소비자물가지수,high
1963-03-15,NFP 고용보고서,high
1963-03-27,CPI 소비자물가지수,high
1963-04-12,NFP 고용보고서,high
1963-04-19,GDP 성장률 발표,normal
1963-04-25,CPI 소비자물가지수,high
1963-05-15,NFP 고용보고서,high
1963-05-21,GDP 성장률 발표,normal
1963-05-28,CPI 소비자물가지수,high
1963-06-14,NFP 고용보고서,high
1963-06-26,CPI 소비자물가지수,high
1963-07-16,NFP 고용보고서,high
1963-07-22,GDP 성장률 발표,normal
1963-07-26,CPI 소비자물가지수,high
1963-08-15,NFP 고용보고서,high
1963-08-16,GDP 성장률 발표,normal
1963-08-27,CPI 소비자물가지수,high
1963-09-16,NFP 고용보고서,high
1963-09-25,CPI 소비자물가지수,high
1963-10-15,NFP 고용보고서,high
1963-10-21,GDP 성장률 발표,normal
1963-10-30,CPI 소비자물가지수,high
1963-11-15,NFP 고용보고서,high
1963-11-18,GDP 성장률 발표,normal
1963-11-29,CPI 소비자물가지수,high
1963-12-16,NFP 고용보고서,high
1963-12-27,CPI 소비자물가지수,high
1964-01-15,NFP 고용보고서,high
1964-01-17,GDP 성장률 발표,normal
1964-01-29,CPI 소비자물가지수,high
1964-02-14,NFP 고용보고서,high
1964-02-20,GDP 성장률 발표,normal
1964-03-03,CPI 소비자물가지수,high
1964-03-16,NFP 고용보고서,high
1964-03-31,CPI 소비자물가지수,high
1964-04-15,NFP 고용보고서,high
1964-04-17,GDP 성장률 발표,normal
1964-04-30,CPI 소비자물가지수,high
1964-05-15,NFP 고용보고서,high
1964-05-18,GDP 성장률 발표,normal
1964-05-28,CPI 소비자물가지수,high
1964-06-16,NFP 고용보고서,high
1964-06-26,CPI 소비자물가지수,high
1964-07-15,NFP 고용보고서,high
1964-07-16,GDP 성장률 발표,normal
1964-07-31,CPI 소비자물가지수,high
1964-08-14,NFP 고용보고서,high
1964-08-18,GDP 성장률 발표,normal
1964-08-28,CPI 소비자물가지수,high
1964-09-16,NFP 고용보고서,high
1964-09-30,CPI 소비자물가지수,high
1964-10-14,GDP 성장률 발표,normal
1964-10-16,NFP 고용보고서,high
1964-10-30,CPI 소비자물가지수,high
1964-11-16,NFP 고용보고서,high
1964-11-18,GDP 성장률 발표,normal
1964-11-30,CPI 소비자물가지수,high
1964-12-16,NFP 고용보고서,high
1964-12-30,CPI 소비자물가지수,high
1965-01-14,GDP 성장률 발표,normal
1965-01-15,NFP 고용보고서,high
1965-01-28,CPI 소비자물가지수,high
1965-02-15,NFP 고용보고서,high
1965-02-17,GDP 성장률 발표,normal
1965-02-26,CPI 소비자물가지수,high
1965-03-16,NFP 고용보고서,high
1965-03-30,CPI 소비자물가지수,high
1965-04-14,GDP 성장률 발표,normal
1965-04-15,NFP 고용보고서,high
1965-04-28,CPI 소비자물가지수,high
1965-05-14,NFP 고용보고서,high
1965-05-14,GDP 성장률 발표,normal
1965-05-27,CPI 소비자물가지수,high
1965-06-16,NFP 고용보고서,high
1965-06-30,CPI 소비자물가지수,high
1965-07-14,GDP 성장률 발표,normal
1965-07-15,NFP 고용보고서,high
1965-07-29,CPI 소비자물가지수,high
1965-08-16,NFP 고용보고서,high
1965-08-19,GDP 성장률 발표,normal
1965-08-27,CPI 소비자물가지수,high
1965-09-15,NFP 고용보고서,high
1965-09-29,CPI 소비자물가지수,high
1965-10-13,GDP 성장률 발표,normal
1965-10-15,NFP 고용보고서,high
1965-10-28,CPI 소비자물가지수,high
1965-11-15,GDP 성장률 발표,normal
1965-11-16,NFP 고용보고서,high
1965-11-30,CPI 소비자물가지수,high
1965-12-15,NFP 고용보고서,high
1965-12-30,CPI 소비자물가지수,high
1966-01-13,GDP 성장률 발표,normal
1966-01-17,NFP 고용보고서,high
1966-01-18,PCE 개인소비지출,high
1966-01-27,CPI 소비자물가지수,high
1966-02-15,GDP 성장률 발표,normal
1966-02-16,NFP 고용보고서,high
1966-02-17,PCE 개인소비지출,high
1966-02-28,CPI 소비자물가지수,high
1966-03-16,NFP 고용보고서,high
1966-03-16,PCE 개인소비지출,high
1966-03-29,CPI 소비자물가지수,high
1966-04-14,NFP 고용보고서,high
1966-04-15,PCE 개인소비지출,high
1966-04-18,GDP 성장률 발표,normal
1966-04-21,CPI 소비자물가지수,high
1966-05-13,NFP 고용보고서,high
1966-05-17,PCE 개인소비지출,high
1966-05-20,CPI 소비자물가지수,high
1966-05-20,GDP 성장률 발표,normal
1966-06-15,PCE 개인소비지출,high
1966-06-16,NFP 고용보고서,high
1966-06-21,CPI 소비자물가지수,high
1966-07-15,NFP 고용보고서,high
1966-07-15,GDP 성장률 발표,normal
1966-07-21,CPI 소비자물가지수,high
1966-07-21,PCE 개인소비지출,high
1966-08-11,GDP 성장률 발표,normal
1966-08-15,NFP 고용보고서,high
1966-08-16,PCE 개인소비지출,high
1966-08-22,CPI 소비자물가지수,high
1966-09-16,NFP 고용보고서,high
1966-09-16,PCE 개인소비지출,high
1966-09-22,CPI 소비자물가지수,high
1966-10-13,GDP 성장률 발표,normal
1966-10-14,NFP 고용보고서,high
1966-10-17,PCE 개인소비지출,high
1966-10-20,CPI 소비자물가지수,high
1966-11-10,GDP 성장률 발표,normal
1966-11-16,NFP 고용보고서,high
1966-11-16,PCE 개인소비지출,high
1966-11-23,CPI 소비자물가지수,high
1966-12-11,PCE 개인소비지출,high
1966-12-14,NFP 고용보고서,high
1966-12-22,CPI 소비자물가지수,high
1967-01-13,GDP 성장률 발표,normal
1967-01-17,NFP 고용보고서,high
1967-01-18,PCE 개인소비지출,high
1967-01-20,CPI 소비자물가지수,high
1967-02-16,NFP 고용보고서,high
1967-02-16,PCE 개인소비지출,high
1967-02-17,GDP 성장률 발표,normal
1967-02-20,CPI 소비자물가지수,high
1967-03-16,NFP 고용보고서,high
1967-03-20,CPI 소비자물가지수,high
1967-03-20,PCE 개인소비지출,high
1967-04-12,GDP 성장률 발표,normal
1967-04-14,NFP 고용보고서,high
1967-04-17,PCE 개인소비지출,high
1967-04-26,CPI 소비자물가지수,high
1967-05-12,NFP 고용보고서,high
1967-05-17,GDP 성장률 발표,normal
1967-05-18,PCE 개인소비지출,high
1967-05-23,CPI 소비자물가지수,high
1967-06-15,PCE 개인소비지출,high
1967-06-16,NFP 고용보고서,high
1967-06-28,CPI 소비자물가지수,high
1967-07-14,NFP 고용보고서,high
1967-07-17,GDP 성장률 발표,normal
1967-07-20,PCE 개인소비지출,high
1967-07-26,CPI 소비자물가지수,high
1967-08-14,GDP 성장률 발표,normal
1967-08-15,PCE 개인소비지출,high
1967-08-16,NFP 고용보고서,high
1967-08-25,CPI 소비자물가지수,high
1967-09-15,NFP 고용보고서,high
1967-09-18,PCE 개인소비지출,high
1967-09-27,CPI 소비자물가지수,high
1967-10-13,GDP 성장률 발표,normal
1967-10-16,NFP 고용보고서,high
1967-10-17,PCE 개인소비지출,high
1967-10-26,CPI 소비자물가지수,high
1967-11-15,NFP 고용보고서,high
1967-11-17,GDP 성장률 발표,normal
1967-11-19,PCE 개인소비지출,high
1967-11-29,CPI 소비자물가지수,high
1967-12-15,NFP 고용보고서,high
1967-12-18,PCE 개인소비지출,high
1967-12-22,CPI 소비자물가지수,high
1968-01-16,GDP 성장률 발표,normal
1968-01-17,NFP 고용보고서,high
1968-01-19,PCE 개인소비지출,high
1968-01-25,CPI 소비자물가지수,high
1968-02-15,NFP 고용보고서,high
1968-02-15,GDP 성장률 발표,normal
1968-02-15,PCE 개인소비지출,high
1968-02-29,CPI 소비자물가지수,high
1968-03-15,NFP 고용보고서,high
1968-03-15,PCE 개인소비지출,high
1968-03-27,CPI 소비자물가지수,high
1968-04-16,NFP 고용보고서,high
1968-04-16,GDP 성장률 발표,normal
1968-04-18,PCE 개인소비지출,high
1968-04-26,CPI 소비자물가지수,high
1968-05-16,NFP 고용보고서,high
1968-05-16,GDP 성장률 발표,normal
1968-05-16,PCE 개인소비지출,high
1968-05-28,CPI 소비자물가지수,high
1968-06-14,NFP 고용보고서,high
1968-06-17,PCE 개인소비지출,high
1968-06-28,CPI 소비자물가지수,high
1968-07-16,NFP 고용보고서,high
1968-07-18,GDP 성장률 발표,normal
1968-07-19,PCE 개인소비지출,high
1968-07-31,CPI 소비자물가지수,high
1968-08-14,PCE 개인소비지출,high
1968-08-15,NFP 고용보고서,high
1968-08-15,GDP 성장률 발표,normal
1968-08-27,CPI 소비자물가지수,high
1968-09-16,NFP 고용보고서,high
1968-09-17,PCE 개인소비지출,high
1968-09-18,GDP 성장률 발표,normal
1968-09-26,CPI 소비자물가지수,high
1968-10-15,GDP 성장률 발표,normal
1968-10-16,NFP 고용보고서,high
1968-10-18,PCE 개인소비지출,high
1968-10-29,CPI 소비자물가지수,high
1968-11-18,NFP 고용보고서,high
1968-11-18,GDP 성장률 발표,normal
1968-11-18,PCE 개인소비지출,high
1968-11-27,CPI 소비자물가지수,high
1968-12-17,NFP 고용보고서,high
1968-12-17,PCE 개인소비지출,high
1968-12-27,CPI 소비자물가지수,high
1969-01-14,NFP 고용보고서,high
1969-01-14,GDP 성장률 발표,normal
1969-01-15,PCE 개인소비지출,high
1969-01-29,CPI 소비자물가지수,high
1969-02-14,NFP 고용보고서,high
1969-02-14,GDP 성장률 발표,normal
1969-02-18,PCE 개인소비지출,high
1969-02-25,CPI 소비자물가지수,high
1969-03-17,NFP 고용보고서,high
1969-03-18,PCE 개인소비지출,high
1969-03-25,CPI 소비자물가지수,high
1969-04-16,NFP 고용보고서,high
1969-04-16,PCE 개인소비지출,high
1969-04-17,GDP 성장률 발표,normal
1969-04-24,CPI 소비자물가지수,high
1969-05-16,NFP 고용보고서,high
1969-05-16,GDP 성장률 발표,normal
1969-05-16,PCE 개인소비지출,high
1969-05-22,CPI 소비자물가지수,high
1969-06-16,NFP 고용보고서,high
1969-06-18,PCE 개인소비지출,high
1969-06-24,CPI 소비자물가지수,high
1969-07-16,NFP 고용보고서,high
1969-07-17,GDP 성장률 발표,normal
1969-07-18,PCE 개인소비지출,high
1969-07-23,CPI 소비자물가지수,high
1969-08-14,GDP 성장률 발표,normal
1969-08-14,PCE 개인소비지출,high
1969-08-15,NFP 고용보고서,high
1969-08-22,CPI 소비자물가지수,high
1969-09-16,NFP 고용보고서,high
1969-09-18,PCE 개인소비지출,high
1969-09-22,CPI 소비자물가지수,high
1969-10-15,PCE 개인소비지출,high
1969-10-16,NFP 고용보고서,high
1969-10-16,GDP 성장률 발표,normal
1969-10-22,CPI 소비자물가지수,high
1969-11-13,PCE 개인소비지출,high
1969-11-14,GDP 성장률 발표,normal
1969-11-17,NFP 고용보고서,high
1969-11-21,CPI 소비자물가지수,high
1969-12-15,NFP 고용보고서,high
1969-12-18,PCE 개인소비지출,high
1969-12-19,CPI 소비자물가지수,high
1970-01-16,NFP 고용보고서,high
1970-01-16,GDP 성장률 발표,normal
1970-01-16,PCE 개인소비지출,high
1970-01-19,CPI 소비자물가지수,high
1970-02-13,NFP 고용보고서,high
1970-02-13,GDP 성장률 발표,normal
1970-02-13,PCE 개인소비지출,high
1970-02-19,CPI 소비자물가지수,high
1970-03-16,NFP 고용보고서,high
1970-03-18,PCE 개인소비지출,high
1970-03-20,CPI 소비자물가지수,high
1970-04-16,NFP 고용보고서,high
1970-04-16,PCE 개인소비지출,high
1970-04-17,GDP 성장률 발표,normal
1970-04-22,CPI 소비자물가지수,high
1970-05-14,NFP 고용보고서,high
1970-05-14,PCE 개인소비지출,high
1970-05-15,GDP 성장률 발표,normal
1970-05-20,CPI 소비자물가지수,high
1970-06-12,NFP 고용보고서,high
1970-06-17,PCE 개인소비지출,high
1970-06-18,CPI 소비자물가지수,high
1970-07-15,NFP 고용보고서,high
1970-07-17,GDP 성장률 발표,normal
1970-07-17,PCE 개인소비지출,high
1970-07-21,CPI 소비자물가지수,high
1970-08-13,NFP 고용보고서,high
1970-08-13,PCE 개인소비지출,high
1970-08-14,GDP 성장률 발표,normal
1970-08-21,CPI 소비자물가지수,high
1970-09-14,NFP 고용보고서,high
1970-09-17,PCE 개인소비지출,high
1970-09-19,CPI 소비자물가지수,high
1970-10-14,PCE 개인소비지출,high
1970-10-15,NFP 고용보고서,high
1970-10-15,GDP 성장률 발표,normal
1970-10-21,CPI 소비자물가지수,high
1970-11-13,GDP 성장률 발표,normal
1970-11-13,PCE 개인소비지출,high
1970-11-17,NFP 고용보고서,high
1970-11-20,CPI 소비자물가지수,high
1970-12-15,NFP 고용보고서,high
1970-12-17,PCE 개인소비지출,high
1970-12-23,CPI 소비자물가지수,high
1971-01-14,NFP 고용보고서,high
1971-01-15,PCE 개인소비지출,high
1971-01-18,GDP 성장률 발표,normal
1971-01-29,CPI 소비자물가지수,high
1971-02-12,GDP 성장률 발표,normal
1971-02-12,PCE 개인소비지출,high
1971-02-16,NFP 고용보고서,high
1971-02-19,CPI 소비자물가지수,high
1971-03-15,NFP 고용보고서,high
1971-03-17,PCE 개인소비지출,high
1971-03-19,CPI 소비자물가지수,high
1971-04-14,NFP 고용보고서,high
1971-04-15,GDP 성장률 발표,normal
1971-04-15,PCE 개인소비지출,high
1971-04-22,CPI 소비자물가지수,high
1971-05-12,PCE 개인소비지출,high
1971-05-13,GDP 성장률 발표,normal
1971-05-14,NFP 고용보고서,high
1971-05-21,CPI 소비자물가지수,high
1971-06-14,NFP 고용보고서,high
1971-06-16,PCE 개인소비지출,high
1971-06-22,CPI 소비자물가지수,high
1971-07-14,NFP 고용보고서,high
1971-07-16,GDP 성장률 발표,normal
1971-07-16,PCE 개인소비지출,high
1971-07-22,CPI 소비자물가지수,high
1971-08-16,NFP 고용보고서,high
1971-08-19,PCE 개인소비지출,high
1971-08-20,CPI 소비자물가지수,high
1971-08-20,GDP 성장률 발표,normal
1971-09-15,NFP 고용보고서,high
1971-09-16,PCE 개인소비지출,high
1971-09-22,CPI 소비자물가지수,high
1971-09-26,GDP 성장률 발표,normal
1971-10-18,NFP 고용보고서,high
1971-10-21,PCE 개인소비지출,high
1971-10-22,CPI 소비자물가지수,high
1971-10-22,GDP 성장률 발표,normal
1971-11-16,NFP 고용보고서,high
1971-11-18,GDP 성장률 발표,normal
1971-11-18,PCE 개인소비지출,high
1971-11-19,CPI 소비자물가지수,high
1971-12-15,NFP 고용보고서,high
1971-12-17,PCE 개인소비지출,high
1971-12-22,CPI 소비자물가지수,high
1972-01-14,GDP 성장률 발표,normal
1972-01-17,NFP 고용보고서,high
1972-01-20,PCE 개인소비지출,high
1972-01-21,CPI 소비자물가지수,high
1972-01-21,GDP 성장률 발표,normal
1972-02-15,NFP 고용보고서,high
1972-02-15,PCE 개인소비지출,high
1972-02-18,GDP 성장률 발표,normal
1972-02-23,CPI 소비자물가지수,high
1972-03-15,NFP 고용보고서,high
1972-03-17,PCE 개인소비지출,high
1972-03-22,CPI 소비자물가지수,high
1972-04-14,NFP 고용보고서,high
1972-04-19,GDP 성장률 발표,normal
1972-04-19,PCE 개인소비지출,high
1972-04-21,CPI 소비자물가지수,high
1972-05-16,NFP 고용보고서,high
1972-05-16,PCE 개인소비지출,high
1972-05-18,GDP 성장률 발표,normal
1972-05-19,CPI 소비자물가지수,high
1972-06-14,NFP 고용보고서,high
1972-06-14,PCE 개인소비지출,high
1972-06-21,CPI 소비자물가지수,high
1972-07-17,NFP 고용보고서,high
1972-07-20,PCE 개인소비지출,high
1972-07-21,CPI 소비자물가지수,high
1972-07-21,GDP 성장률 발표,normal
1972-08-15,NFP 고용보고서,high
1972-08-16,PCE 개인소비지출,high
1972-08-18,GDP 성장률 발표,normal
1972-08-22,CPI 소비자물가지수,high
1972-09-15,PCE 개인소비지출,high
1972-09-18,NFP 고용보고서,high
1972-09-22,CPI 소비자물가지수,high
1972-10-17,NFP 고용보고서,high
1972-10-17,PCE 개인소비지출,high
1972-10-19,GDP 성장률 발표,normal
1972-10-20,CPI 소비자물가지수,high
1972-11-15,NFP 고용보고서,high
1972-11-17,GDP 성장률 발표,normal
1972-11-20,PCE 개인소비지출,high
1972-11-21,CPI 소비자물가지수,high
1972-12-15,NFP 고용보고서,high
1972-12-20,PCE 개인소비지출,high
1972-12-22,CPI 소비자물가지수,high
1973-01-15,NFP 고용보고서,high
1973-01-18,PCE 개인소비지출,high
1973-01-19,GDP 성장률 발표,normal
1973-01-23,CPI 소비자물가지수,high
1973-02-16,NFP 고용보고서,high
1973-02-20,GDP 성장률 발표,normal
1973-02-20,PCE 개인소비지출,high
1973-02-22,CPI 소비자물가지수,high
1973-03-16,NFP 고용보고서,high
1973-03-19,PCE 개인소비지출,high
1973-03-21,CPI 소비자물가지수,high
1973-04-16,NFP 고용보고서,high
1973-04-18,PCE 개인소비지출,high
1973-04-19,GDP 성장률 발표,normal
1973-04-20,CPI 소비자물가지수,high
1973-05-15,NFP 고용보고서,high
1973-05-15,PCE 개인소비지출,high
1973-05-17,GDP 성장률 발표,normal
1973-05-22,CPI 소비자물가지수,high
1973-06-15,NFP 고용보고서,high
1973-06-20,PCE 개인소비지출,high
1973-06-21,CPI 소비자물가지수,high
1973-07-16,NFP 고용보고서,high
1973-07-18,PCE 개인소비지출,high
1973-07-19,GDP 성장률 발표,normal
1973-07-20,CPI 소비자물가지수,high
1973-08-15,PCE 개인소비지출,high
1973-08-16,NFP 고용보고서,high
1973-08-17,GDP 성장률 발표,normal
1973-08-21,CPI 소비자물가지수,high
1973-09-14,NFP 고용보고서,high
1973-09-19,PCE 개인소비지출,high
1973-09-21,CPI 소비자물가지수,high
1973-10-16,NFP 고용보고서,high
1973-10-17,PCE 개인소비지출,high
1973-10-18,GDP 성장률 발표,normal
1973-10-19,CPI 소비자물가지수,high
1973-11-15,NFP 고용보고서,high
1973-11-16,GDP 성장률 발표,normal
1973-11-16,PCE 개인소비지출,high
1973-11-21,CPI 소비자물가지수,high
1973-12-14,NFP 고용보고서,high
1973-12-18,PCE 개인소비지출,high
1973-12-21,CPI 소비자물가지수,high
1974-01-16,NFP 고용보고서,high
1974-01-16,PCE 개인소비지출,high
1974-01-17,GDP 성장률 발표,normal
1974-01-22,CPI 소비자물가지수,high
1974-02-15,NFP 고용보고서,high
1974-02-19,PCE 개인소비지출,high
1974-02-20,GDP 성장률 발표,normal
1974-02-22,CPI 소비자물가지수,high
1974-03-15,NFP 고용보고서,high
1974-03-20,PCE 개인소비지출,high
1974-03-21,CPI 소비자물가지수,high
1974-04-15,NFP 고용보고서,high
1974-04-17,PCE 개인소비지출,high
1974-04-18,GDP 성장률 발표,normal
1974-04-19,CPI 소비자물가지수,high
1974-05-15,NFP 고용보고서,high
1974-05-16,PCE 개인소비지출,high
1974-05-17,GDP 성장률 발표,normal
1974-05-21,CPI 소비자물가지수,high
1974-06-14,NFP 고용보고서,high
1974-06-20,PCE 개인소비지출,high
1974-06-21,CPI 소비자물가지수,high
1974-07-15,NFP 고용보고서,high
1974-07-17,PCE 개인소비지출,high
1974-07-18,GDP 성장률 발표,normal
1974-07-19,CPI 소비자물가지수,high
1974-08-15,NFP 고용보고서,high
1974-08-21,CPI 소비자물가지수,high
1974-08-21,PCE 개인소비지출,high
1974-08-22,GDP 성장률 발표,normal
1974-09-13,NFP 고용보고서,high
1974-09-18,PCE 개인소비지출,high
1974-09-19,GDP 성장률 발표,normal
1974-09-20,CPI 소비자물가지수,high
1974-10-15,NFP 고용보고서,high
1974-10-16,PCE 개인소비지출,high
1974-10-17,GDP 성장률 발표,normal
1974-10-22,CPI 소비자물가지수,high
1974-11-14,PCE 개인소비지출,high
1974-11-15,NFP 고용보고서,high
1974-11-15,GDP 성장률 발표,normal
1974-11-21,CPI 소비자물가지수,high
1974-12-13,NFP 고용보고서,high
1974-12-18,PCE 개인소비지출,high
1974-12-19,GDP 성장률 발표,normal
1974-12-20,CPI 소비자물가지수,high
1975-01-15,NFP 고용보고서,high
1975-01-15,PCE 개인소비지출,high
1975-01-16,GDP 성장률 발표,normal
1975-01-21,CPI 소비자물가지수,high
1975-02-13,NFP 고용보고서,high
1975-02-19,PCE 개인소비지출,high
1975-02-20,GDP 성장률 발표,normal
1975-02-21,CPI 소비자물가지수,high
1975-03-14,NFP 고용보고서,high
1975-03-19,PCE 개인소비지출,high
1975-03-20,CPI 소비자물가지수,high
1975-03-20,GDP 성장률 발표,normal
1975-04-15,NFP 고용보고서,high
1975-04-16,GDP 성장률 발표,normal
1975-04-16,PCE 개인소비지출,high
1975-04-22,CPI 소비자물가지수,high
1975-05-15,NFP 고용보고서,high
1975-05-15,PCE 개인소비지출,high
1975-05-20,GDP 성장률 발표,normal
1975-05-21,CPI 소비자물가지수,high
1975-06-16,NFP 고용보고서,high
1975-06-18,PCE 개인소비지출,high
1975-06-19,GDP 성장률 발표,normal
1975-06-20,CPI 소비자물가지수,high
1975-07-15,NFP 고용보고서,high
1975-07-16,PCE 개인소비지출,high
1975-07-17,GDP 성장률 발표,normal
1975-07-22,CPI 소비자물가지수,high
1975-08-15,NFP 고용보고서,high
1975-08-20,PCE 개인소비지출,high
1975-08-21,CPI 소비자물가지수,high
1975-08-21,GDP 성장률 발표,normal
1975-09-15,NFP 고용보고서,high
1975-09-17,PCE 개인소비지출,high
1975-09-18,GDP 성장률 발표,normal
1975-09-19,CPI 소비자물가지수,high
1975-10-16,NFP 고용보고서,high
1975-10-20,GDP 성장률 발표,normal
1975-10-20,PCE 개인소비지출,high
1975-10-22,CPI 소비자물가지수,high
1975-11-14,NFP 고용보고서,high
1975-11-19,PCE 개인소비지출,high
1975-11-20,CPI 소비자물가지수,high
1975-11-20,GDP 성장률 발표,normal
1975-12-15,NFP 고용보고서,high
1975-12-17,PCE 개인소비지출,high
1975-12-19,CPI 소비자물가지수,high
1975-12-19,GDP 성장률 발표,normal
1976-01-16,NFP 고용보고서,high
1976-01-16,GDP 성장률 발표,normal
1976-01-19,PCE 개인소비지출,high
1976-01-20,GDP 성장률 발표,normal
1976-01-21,CPI 소비자물가지수,high
1976-02-13,NFP 고용보고서,high
1976-02-18,PCE 개인소비지출,high
1976-02-19,GDP 성장률 발표,normal
1976-02-20,CPI 소비자물가지수,high
1976-03-16,NFP 고용보고서,high
1976-03-17,PCE 개인소비지출,high
1976-03-19,CPI 소비자물가지수,high
1976-03-19,GDP 성장률 발표,normal
1976-04-15,NFP 고용보고서,high
1976-04-15,PCE 개인소비지출,high
1976-04-19,GDP 성장률 발표,normal
1976-04-21,CPI 소비자물가지수,high
1976-05-14,NFP 고용보고서,high
1976-05-19,PCE 개인소비지출,high
1976-05-20,GDP 성장률 발표,normal
1976-05-21,CPI 소비자물가지수,high
1976-06-16,NFP 고용보고서,high
1976-06-16,PCE 개인소비지출,high
1976-06-19,GDP 성장률 발표,normal
1976-06-22,CPI 소비자물가지수,high
1976-07-16,NFP 고용보고서,high
1976-07-20,GDP 성장률 발표,normal
1976-07-20,PCE 개인소비지출,high
1976-07-21,CPI 소비자물가지수,high
1976-08-13,NFP 고용보고서,high
1976-08-18,PCE 개인소비지출,high
1976-08-19,GDP 성장률 발표,normal
1976-08-20,CPI 소비자물가지수,high
1976-09-16,NFP 고용보고서,high
1976-09-16,PCE 개인소비지출,high
1976-09-20,GDP 성장률 발표,normal
1976-09-21,CPI 소비자물가지수,high
1976-10-15,NFP 고용보고서,high
1976-10-15,PCE 개인소비지출,high
1976-10-19,GDP 성장률 발표,normal
1976-10-21,CPI 소비자물가지수,high
1976-11-15,NFP 고용보고서,high
1976-11-17,PCE 개인소비지출,high
1976-11-18,GDP 성장률 발표,normal
1976-11-19,CPI 소비자물가지수,high
1976-12-15,NFP 고용보고서,high
1976-12-16,PCE 개인소비지출,high
1976-12-20,GDP 성장률 발표,normal
1976-12-21,CPI 소비자물가지수,high
1977-01-17,NFP 고용보고서,high
1977-01-17,PCE 개인소비지출,high
1977-01-18,GDP 성장률 발표,normal
1977-01-19,CPI 소비자물가지수,high
1977-02-15,NFP 고용보고서,high
1977-02-17,PCE 개인소비지출,high
1977-02-18,CPI 소비자물가지수,high
1977-02-18,GDP 성장률 발표,normal
1977-03-15,NFP 고용보고서,high
1977-03-17,PCE 개인소비지출,high
1977-03-18,CPI 소비자물가지수,high
1977-03-21,GDP 성장률 발표,normal
1977-04-14,NFP 고용보고서,high
1977-04-19,PCE 개인소비지출,high
1977-04-20,GDP 성장률 발표,normal
1977-04-21,CPI 소비자물가지수,high
1977-05-16,NFP 고용보고서,high
1977-05-18,PCE 개인소비지출,high
1977-05-19,GDP 성장률 발표,normal
1977-05-20,CPI 소비자물가지수,high
1977-06-15,NFP 고용보고서,high
1977-06-17,PCE 개인소비지출,high
1977-06-20,GDP 성장률 발표,normal
1977-06-21,CPI 소비자물가지수,high
1977-07-15,NFP 고용보고서,high
1977-07-20,PCE 개인소비지출,high
1977-07-21,CPI 소비자물가지수,high
1977-07-21,GDP 성장률 발표,normal
1977-08-15,NFP 고용보고서,high
1977-08-17,PCE 개인소비지출,high
1977-08-19,CPI 소비자물가지수,high
1977-08-19,GDP 성장률 발표,normal
1977-09-16,NFP 고용보고서,high
1977-09-16,PCE 개인소비지출,high
1977-09-19,GDP 성장률 발표,normal
1977-09-21,CPI 소비자물가지수,high
1977-10-14,NFP 고용보고서,high
1977-10-18,PCE 개인소비지출,high
1977-10-19,GDP 성장률 발표,normal
1977-10-21,CPI 소비자물가지수,high
1977-11-15,NFP 고용보고서,high
1977-11-16,PCE 개인소비지출,high
1977-11-17,GDP 성장률 발표,normal
1977-11-22,CPI 소비자물가지수,high
1977-12-14,NFP 고용보고서,high
1977-12-16,PCE 개인소비지출,high
1977-12-20,GDP 성장률 발표,normal
1977-12-21,CPI 소비자물가지수,high
1978-01-17,NFP 고용보고서,high
1978-01-18,PCE 개인소비지출,high
1978-01-19,GDP 성장률 발표,normal
1978-01-20,CPI 소비자물가지수,high
1978-02-15,NFP 고용보고서,high
1978-02-17,PCE 개인소비지출,high
1978-02-21,GDP 성장률 발표,normal
1978-02-27,CPI 소비자물가지수,high
1978-03-16,NFP 고용보고서,high
1978-03-17,PCE 개인소비지출,high
1978-03-20,GDP 성장률 발표,normal
1978-03-28,CPI 소비자물가지수,high
1978-04-14,NFP 고용보고서,high
1978-04-18,PCE 개인소비지출,high
1978-04-19,GDP 성장률 발표,normal
1978-04-28,CPI 소비자물가지수,high
1978-05-16,NFP 고용보고서,high
1978-05-17,PCE 개인소비지출,high
1978-05-18,GDP 성장률 발표,normal
1978-05-31,CPI 소비자물가지수,high
1978-06-15,NFP 고용보고서,high
1978-06-16,PCE 개인소비지출,high
1978-06-20,GDP 성장률 발표,normal
1978-06-30,CPI 소비자물가지수,high
1978-07-14,NFP 고용보고서,high
1978-07-19,PCE 개인소비지출,high
1978-07-21,GDP 성장률 발표,normal
1978-07-28,CPI 소비자물가지수,high
1978-08-15,NFP 고용보고서,high
1978-08-17,PCE 개인소비지출,high
1978-08-18,GDP 성장률 발표,normal
1978-08-29,CPI 소비자물가지수,high
1978-09-15,NFP 고용보고서,high
1978-09-18,PCE 개인소비지출,high
1978-09-20,GDP 성장률 발표,normal
1978-09-26,CPI 소비자물가지수,high
1978-10-17,NFP 고용보고서,high
1978-10-18,PCE 개인소비지출,high
1978-10-20,GDP 성장률 발표,normal
1978-10-26,CPI 소비자물가지수,high
1978-11-15,NFP 고용보고서,high
1978-11-17,PCE 개인소비지출,high
1978-11-21,GDP 성장률 발표,normal
1978-11-28,CPI 소비자물가지수,high
1978-12-15,NFP 고용보고서,high
1978-12-18,PCE 개인소비지출,high
1978-12-20,GDP 성장률 발표,normal
1978-12-22,CPI 소비자물가지수,high
1979-01-17,NFP 고용보고서,high
1979-01-17,PCE 개인소비지출,high
1979-01-18,GDP 성장률 발표,normal
1979-01-24,CPI 소비자물가지수,high
1979-02-15,NFP 고용보고서,high
1979-02-16,PCE 개인소비지출,high
1979-02-22,GDP 성장률 발표,normal
1979-02-23,CPI 소비자물가지수,high
1979-03-16,NFP 고용보고서,high
1979-03-19,PCE 개인소비지출,high
1979-03-20,GDP 성장률 발표,normal
1979-03-23,CPI 소비자물가지수,high
1979-04-13,NFP 고용보고서,high
1979-04-18,PCE 개인소비지출,high
1979-04-19,GDP 성장률 발표,normal
1979-04-26,CPI 소비자물가지수,high
1979-05-16,NFP 고용보고서,high
1979-05-17,PCE 개인소비지출,high
1979-05-18,GDP 성장률 발표,normal
1979-05-25,CPI 소비자물가지수,high
1979-06-15,NFP 고용보고서,high
1979-06-19,PCE 개인소비지출,high
1979-06-20,GDP 성장률 발표,normal
1979-06-26,CPI 소비자물가지수,high
1979-07-13,NFP 고용보고서,high
1979-07-19,PCE 개인소비지출,high
1979-07-20,GDP 성장률 발표,normal
1979-07-26,CPI 소비자물가지수,high
1979-08-16,NFP 고용보고서,high
1979-08-16,PCE 개인소비지출,high
1979-08-17,GDP 성장률 발표,normal
1979-08-24,CPI 소비자물가지수,high
1979-09-14,NFP 고용보고서,high
1979-09-18,PCE 개인소비지출,high
1979-09-19,GDP 성장률 발표,normal
1979-09-25,CPI 소비자물가지수,high
1979-10-16,NFP 고용보고서,high
1979-10-16,GDP 성장률 발표,normal
1979-10-17,PCE 개인소비지출,high
1979-10-26,CPI 소비자물가지수,high
1979-11-15,NFP 고용보고서,high
1979-11-19,PCE 개인소비지출,high
1979-11-20,GDP 성장률 발표,normal
1979-11-27,CPI 소비자물가지수,high
1979-12-14,NFP 고용보고서,high
1979-12-18,PCE 개인소비지출,high
1979-12-19,GDP 성장률 발표,normal
1979-12-21,CPI 소비자물가지수,high
1980-01-16,NFP 고용보고서,high
1980-01-17,PCE 개인소비지출,high
1980-01-18,GDP 성장률 발표,normal
1980-01-25,CPI 소비자물가지수,high
1980-02-15,NFP 고용보고서,high
1980-02-19,PCE 개인소비지출,high
1980-02-22,CPI 소비자물가지수,high
1980-02-22,GDP 성장률 발표,normal
1980-03-14,NFP 고용보고서,high
1980-03-18,PCE 개인소비지출,high
1980-03-19,GDP 성장률 발표,normal
1980-03-25,CPI 소비자물가지수,high
1980-04-15,NFP 고용보고서,high
1980-04-17,PCE 개인소비지출,high
1980-04-18,GDP 성장률 발표,normal
1980-04-22,CPI 소비자물가지수,high
1980-05-16,NFP 고용보고서,high
1980-05-19,PCE 개인소비지출,high
1980-05-20,GDP 성장률 발표,normal
1980-05-23,CPI 소비자물가지수,high
1980-06-13,NFP 고용보고서,high
1980-06-17,PCE 개인소비지출,high
1980-06-18,GDP 성장률 발표,normal
1980-06-24,CPI 소비자물가지수,high
1980-07-16,NFP 고용보고서,high
1980-07-17,PCE 개인소비지출,high
1980-07-18,GDP 성장률 발표,normal
1980-07-23,CPI 소비자물가지수,high
1980-08-15,NFP 고용보고서,high
1980-08-18,PCE 개인소비지출,high
1980-08-19,GDP 성장률 발표,normal
1980-08-22,CPI 소비자물가지수,high
1980-09-16,NFP 고용보고서,high
1980-09-18,PCE 개인소비지출,high
1980-09-19,GDP 성장률 발표,normal
1980-09-23,CPI 소비자물가지수,high
1980-10-16,NFP 고용보고서,high
1980-10-16,PCE 개인소비지출,high
1980-10-17,GDP 성장률 발표,normal
1980-10-24,CPI 소비자물가지수,high
1980-11-14,NFP 고용보고서,high
1980-11-18,PCE 개인소비지출,high
1980-11-19,GDP 성장률 발표,normal
1980-11-25,CPI 소비자물가지수,high
1980-12-16,NFP 고용보고서,high
1980-12-22,PCE 개인소비지출,high
1980-12-23,CPI 소비자물가지수,high
1980-12-23,GDP 성장률 발표,normal
1981-01-15,NFP 고용보고서,high
1981-01-19,PCE 개인소비지출,high
1981-01-21,GDP 성장률 발표,normal
1981-01-23,CPI 소비자물가지수,high
1981-02-17,NFP 고용보고서,high
1981-02-18,PCE 개인소비지출,high
1981-02-19,GDP 성장률 발표,normal
1981-02-25,CPI 소비자물가지수,high
1981-03-17,NFP 고용보고서,high
1981-03-17,PCE 개인소비지출,high
1981-03-18,GDP 성장률 발표,normal
1981-03-24,CPI 소비자물가지수,high
1981-04-15,NFP 고용보고서,high
1981-04-17,PCE 개인소비지출,high
1981-04-20,GDP 성장률 발표,normal
1981-04-23,CPI 소비자물가지수,high
1981-05-15,NFP 고용보고서,high
1981-05-19,GDP 성장률 발표,normal
1981-05-19,PCE 개인소비지출,high
1981-05-22,CPI 소비자물가지수,high
1981-06-16,NFP 고용보고서,high
1981-06-17,PCE 개인소비지출,high
1981-06-18,GDP 성장률 발표,normal
1981-06-23,CPI 소비자물가지수,high
1981-07-15,NFP 고용보고서,high
1981-07-21,PCE 개인소비지출,high
1981-07-22,GDP 성장률 발표,normal
1981-07-23,CPI 소비자물가지수,high
1981-08-14,NFP 고용보고서,high
1981-08-18,PCE 개인소비지출,high
1981-08-19,GDP 성장률 발표,normal
1981-08-25,CPI 소비자물가지수,high
1981-09-16,NFP 고용보고서,high
1981-09-17,PCE 개인소비지출,high
1981-09-18,GDP 성장률 발표,normal
1981-09-24,CPI 소비자물가지수,high
1981-10-16,NFP 고용보고서,high
1981-10-20,GDP 성장률 발표,normal
1981-10-20,PCE 개인소비지출,high
1981-10-23,CPI 소비자물가지수,high
1981-11-13,NFP 고용보고서,high
1981-11-18,PCE 개인소비지출,high
1981-11-19,GDP 성장률 발표,normal
1981-11-24,CPI 소비자물가지수,high
1981-12-16,NFP 고용보고서,high
1981-12-17,PCE 개인소비지출,high
1981-12-18,GDP 성장률 발표,normal
1981-12-22,CPI 소비자물가지수,high
1982-01-15,NFP 고용보고서,high
1982-01-19,PCE 개인소비지출,high
1982-01-20,GDP 성장률 발표,normal
1982-01-22,CPI 소비자물가지수,high
1982-02-17,NFP 고용보고서,high
1982-02-19,PCE 개인소비지출,high
1982-02-22,GDP 성장률 발표,normal
1982-02-25,CPI 소비자물가지수,high
1982-03-16,NFP 고용보고서,high
1982-03-18,PCE 개인소비지출,high
1982-03-19,GDP 성장률 발표,normal
1982-03-23,CPI 소비자물가지수,high
1982-04-15,NFP 고용보고서,high
1982-04-20,PCE 개인소비지출,high
1982-04-21,GDP 성장률 발표,normal
1982-04-23,CPI 소비자물가지수,high
1982-05-14,NFP 고용보고서,high
1982-05-18,PCE 개인소비지출,high
1982-05-19,GDP 성장률 발표,normal
1982-05-21,CPI 소비자물가지수,high
1982-06-15,NFP 고용보고서,high
1982-06-18,PCE 개인소비지출,high
1982-06-21,GDP 성장률 발표,normal
1982-06-22,CPI 소비자물가지수,high
1982-07-15,NFP 고용보고서,high
1982-07-20,PCE 개인소비지출,high
1982-07-21,GDP 성장률 발표,normal
1982-07-23,CPI 소비자물가지수,high
1982-08-13,NFP 고용보고서,high
1982-08-18,PCE 개인소비지출,high
1982-08-19,GDP 성장률 발표,normal
1982-08-24,CPI 소비자물가지수,high
1982-09-15,NFP 고용보고서,high
1982-09-20,PCE 개인소비지출,high
1982-09-21,GDP 성장률 발표,normal
1982-09-23,CPI 소비자물가지수,high
1982-10-15,NFP 고용보고서,high
1982-10-19,PCE 개인소비지출,high
1982-10-20,GDP 성장률 발표,normal
1982-10-26,CPI 소비자물가지수,high
1982-11-16,NFP 고용보고서,high
1982-11-18,PCE 개인소비지출,high
1982-11-19,GDP 성장률 발표,normal
1982-11-23,CPI 소비자물가지수,high
1982-12-15,NFP 고용보고서,high
1982-12-20,PCE 개인소비지출,high
1982-12-21,CPI 소비자물가지수,high
1982-12-21,GDP 성장률 발표,normal
1983-01-14,NFP 고용보고서,high
1983-01-18,PCE 개인소비지출,high
1983-01-19,GDP 성장률 발표,normal
1983-01-21,CPI 소비자물가지수,high
1983-02-16,NFP 고용보고서,high
1983-02-18,PCE 개인소비지출,high
1983-02-22,GDP 성장률 발표,normal
1983-02-25,CPI 소비자물가지수,high
1983-03-15,NFP 고용보고서,high
1983-03-18,PCE 개인소비지출,high
1983-03-21,GDP 성장률 발표,normal
1983-03-23,CPI 소비자물가지수,high
1983-04-15,NFP 고용보고서,high
1983-04-19,PCE 개인소비지출,high
1983-04-20,GDP 성장률 발표,normal
1983-04-22,CPI 소비자물가지수,high
1983-05-13,NFP 고용보고서,high
1983-05-18,PCE 개인소비지출,high
1983-05-19,GDP 성장률 발표,normal
1983-05-24,CPI 소비자물가지수,high
1983-06-15,NFP 고용보고서,high
1983-06-20,PCE 개인소비지출,high
1983-06-21,GDP 성장률 발표,normal
1983-06-22,CPI 소비자물가지수,high
1983-07-15,NFP 고용보고서,high
1983-07-20,PCE 개인소비지출,high
1983-07-21,GDP 성장률 발표,normal
1983-07-22,CPI 소비자물가지수,high
1983-08-16,NFP 고용보고서,high
1983-08-18,PCE 개인소비지출,high
1983-08-19,GDP 성장률 발표,normal
1983-08-23,CPI 소비자물가지수,high
1983-09-15,NFP 고용보고서,high
1983-09-20,PCE 개인소비지출,high
1983-09-21,GDP 성장률 발표,normal
1983-09-23,CPI 소비자물가지수,high
1983-10-14,NFP 고용보고서,high
1983-10-19,PCE 개인소비지출,high
1983-10-20,GDP 성장률 발표,normal
1983-10-25,CPI 소비자물가지수,high
1983-11-15,NFP 고용보고서,high
1983-11-21,PCE 개인소비지출,high
1983-11-22,GDP 성장률 발표,normal
1983-11-23,CPI 소비자물가지수,high
1983-12-15,NFP 고용보고서,high
1983-12-20,PCE 개인소비지출,high
1983-12-21,CPI 소비자물가지수,high
1983-12-21,GDP 성장률 발표,normal
1984-01-13,NFP 고용보고서,high
1984-01-19,PCE 개인소비지출,high
1984-01-20,GDP 성장률 발표,normal
1984-01-24,CPI 소비자물가지수,high
1984-02-15,NFP 고용보고서,high
1984-02-16,PCE 개인소비지출,high
1984-02-17,GDP 성장률 발표,normal
1984-02-24,CPI 소비자물가지수,high
1984-03-15,NFP 고용보고서,high
1984-03-19,PCE 개인소비지출,high
1984-03-20,GDP 성장률 발표,normal
1984-03-23,CPI 소비자물가지수,high
1984-04-13,NFP 고용보고서,high
1984-04-18,PCE 개인소비지출,high
1984-04-19,GDP 성장률 발표,normal
1984-04-24,CPI 소비자물가지수,high
1984-05-15,NFP 고용보고서,high
1984-05-17,PCE 개인소비지출,high
1984-05-18,GDP 성장률 발표,normal
1984-05-22,CPI 소비자물가지수,high
1984-06-15,NFP 고용보고서,high
1984-06-19,PCE 개인소비지출,high
1984-06-20,GDP 성장률 발표,normal
1984-06-22,CPI 소비자물가지수,high
1984-07-13,NFP 고용보고서,high
1984-07-20,PCE 개인소비지출,high
1984-07-23,GDP 성장률 발표,normal
1984-07-24,CPI 소비자물가지수,high
1984-08-15,NFP 고용보고서,high
1984-08-17,PCE 개인소비지출,high
1984-08-20,GDP 성장률 발표,normal
1984-08-22,CPI 소비자물가지수,high
1984-09-14,NFP 고용보고서,high
1984-09-19,PCE 개인소비지출,high
1984-09-20,GDP 성장률 발표,normal
1984-09-21,CPI 소비자물가지수,high
1984-10-16,NFP 고용보고서,high
1984-10-18,PCE 개인소비지출,high
1984-10-19,GDP 성장률 발표,normal
1984-10-24,CPI 소비자물가지수,high
1984-11-15,NFP 고용보고서,high
1984-11-19,PCE 개인소비지출,high
1984-11-20,GDP 성장률 발표,normal
1984-11-21,CPI 소비자물가지수,high
1984-12-14,NFP 고용보고서,high
1984-12-18,PCE 개인소비지출,high
1984-12-19,GDP 성장률 발표,normal
1984-12-20,CPI 소비자물가지수,high
1985-01-15,NFP 고용보고서,high
1985-01-18,PCE 개인소비지출,high
1985-01-22,GDP 성장률 발표,normal
1985-01-23,CPI 소비자물가지수,high
1985-02-15,NFP 고용보고서,high
1985-02-20,PCE 개인소비지출,high
1985-02-21,GDP 성장률 발표,normal
1985-02-26,CPI 소비자물가지수,high
1985-03-15,NFP 고용보고서,high
1985-03-20,PCE 개인소비지출,high
1985-03-21,GDP 성장률 발표,normal
1985-03-22,CPI 소비자물가지수,high
1985-04-16,NFP 고용보고서,high
1985-04-17,PCE 개인소비지출,high
1985-04-18,GDP 성장률 발표,normal
1985-04-23,CPI 소비자물가지수,high
1985-05-15,NFP 고용보고서,high
1985-05-20,PCE 개인소비지출,high
1985-05-21,CPI 소비자물가지수,high
1985-05-21,GDP 성장률 발표,normal
1985-06-14,NFP 고용보고서,high
1985-06-19,PCE 개인소비지출,high
1985-06-20,CPI 소비자물가지수,high
1985-06-20,GDP 성장률 발표,normal
1985-07-17,PCE 개인소비지출,high
1985-07-18,NFP 고용보고서,high
1985-07-18,GDP 성장률 발표,normal
1985-07-23,CPI 소비자물가지수,high
1985-08-15,NFP 고용보고서,high
1985-08-19,PCE 개인소비지출,high
1985-08-20,GDP 성장률 발표,normal
1985-08-22,CPI 소비자물가지수,high
1985-09-13,NFP 고용보고서,high
1985-09-19,PCE 개인소비지출,high
1985-09-20,GDP 성장률 발표,normal
1985-09-24,CPI 소비자물가지수,high
1985-10-16,NFP 고용보고서,high
1985-10-17,GDP 성장률 발표,normal
1985-10-18,PCE 개인소비지출,high
1985-10-23,CPI 소비자물가지수,high
1985-11-15,NFP 고용보고서,high
1985-11-20,GDP 성장률 발표,normal
1985-11-21,PCE 개인소비지출,high
1985-11-22,CPI 소비자물가지수,high
1985-12-14,NFP 고용보고서,high
1985-12-20,CPI 소비자물가지수,high
1985-12-20,GDP 성장률 발표,normal
1985-12-23,PCE 개인소비지출,high
1986-01-16,NFP 고용보고서,high
1986-01-22,CPI 소비자물가지수,high
1986-01-22,GDP 성장률 발표,normal
1986-01-23,PCE 개인소비지출,high
1986-02-14,NFP 고용보고서,high
1986-02-20,GDP 성장률 발표,normal
1986-02-21,PCE 개인소비지출,high
1986-02-25,CPI 소비자물가지수,high
1986-03-14,NFP 고용보고서,high
1986-03-19,GDP 성장률 발표,normal
1986-03-20,PCE 개인소비지출,high
1986-03-25,CPI 소비자물가지수,high
1986-04-15,NFP 고용보고서,high
1986-04-17,GDP 성장률 발표,normal
1986-04-18,PCE 개인소비지출,high
1986-04-22,CPI 소비자물가지수,high
1986-05-15,NFP 고용보고서,high
1986-05-20,GDP 성장률 발표,normal
1986-05-21,CPI 소비자물가지수,high
1986-05-21,PCE 개인소비지출,high
1986-06-16,NFP 고용보고서,high
1986-06-18,GDP 성장률 발표,normal
1986-06-19,PCE 개인소비지출,high
1986-06-20,CPI 소비자물가지수,high
1986-07-15,NFP 고용보고서,high
1986-07-22,GDP 성장률 발표,normal
1986-07-23,CPI 소비자물가지수,high
1986-07-23,PCE 개인소비지출,high
1986-08-15,NFP 고용보고서,high
1986-08-19,GDP 성장률 발표,normal
1986-08-20,PCE 개인소비지출,high
1986-08-21,CPI 소비자물가지수,high
1986-09-16,NFP 고용보고서,high
1986-09-18,GDP 성장률 발표,normal
1986-09-19,PCE 개인소비지출,high
1986-09-23,CPI 소비자물가지수,high
1986-10-16,NFP 고용보고서,high
1986-10-22,GDP 성장률 발표,normal
1986-10-23,CPI 소비자물가지수,high
1986-10-23,PCE 개인소비지출,high
1986-11-14,NFP 고용보고서,high
1986-11-19,GDP 성장률 발표,normal
1986-11-20,PCE 개인소비지출,high
1986-11-25,CPI 소비자물가지수,high
1986-12-15,NFP 고용보고서,high
1986-12-17,GDP 성장률 발표,normal
1986-12-18,PCE 개인소비지출,high
1986-12-19,CPI 소비자물가지수,high
1987-01-16,NFP 고용보고서,high
1987-01-21,CPI 소비자물가지수,high
1987-01-22,GDP 성장률 발표,normal
1987-01-23,PCE 개인소비지출,high
1987-02-13,NFP 고용보고서,high
1987-02-19,GDP 성장률 발표,normal
1987-02-20,PCE 개인소비지출,high
1987-02-27,CPI 소비자물가지수,high
1987-03-13,NFP 고용보고서,high
1987-03-18,GDP 성장률 발표,normal
1987-03-19,PCE 개인소비지출,high
1987-03-27,CPI 소비자물가지수,high
1987-04-15,NFP 고용보고서,high
1987-04-23,GDP 성장률 발표,normal
1987-04-24,CPI 소비자물가지수,high
1987-04-24,PCE 개인소비지출,high
1987-05-15,NFP 고용보고서,high
1987-05-22,CPI 소비자물가지수,high
1987-05-22,GDP 성장률 발표,normal
1987-05-26,PCE 개인소비지출,high
1987-06-16,NFP 고용보고서,high
1987-06-17,GDP 성장률 발표,normal
1987-06-18,PCE 개인소비지출,high
1987-06-23,CPI 소비자물가지수,high
1987-07-15,NFP 고용보고서,high
1987-07-22,CPI 소비자물가지수,high
1987-07-24,GDP 성장률 발표,normal
1987-07-27,PCE 개인소비지출,high
1987-08-14,NFP 고용보고서,high
1987-08-21,CPI 소비자물가지수,high
1987-08-21,GDP 성장률 발표,normal
1987-08-24,PCE 개인소비지출,high
1987-09-15,NFP 고용보고서,high
1987-09-18,GDP 성장률 발표,normal
1987-09-21,PCE 개인소비지출,high
1987-09-23,CPI 소비자물가지수,high
1987-10-16,NFP 고용보고서,high
1987-10-23,CPI 소비자물가지수,high
1987-10-23,GDP 성장률 발표,normal
1987-10-26,PCE 개인소비지출,high
1987-11-16,NFP 고용보고서,high
1987-11-20,CPI 소비자물가지수,high
1987-11-24,GDP 성장률 발표,normal
1987-11-25,PCE 개인소비지출,high
1987-12-14,NFP 고용보고서,high
1987-12-17,GDP 성장률 발표,normal
1987-12-18,CPI 소비자물가지수,high
1987-12-18,PCE 개인소비지출,high
1988-01-15,NFP 고용보고서,high
1988-01-20,CPI 소비자물가지수,high
1988-01-27,GDP 성장률 발표,normal
1988-01-28,PCE 개인소비지출,high
1988-02-17,NFP 고용보고서,high
1988-02-25,GDP 성장률 발표,normal
1988-02-26,CPI 소비자물가지수,high
1988-02-26,PCE 개인소비지출,high
1988-03-16,NFP 고용보고서,high
1988-03-23,CPI 소비자물가지수,high
1988-03-23,GDP 성장률 발표,normal
1988-03-24,PCE 개인소비지출,high
1988-04-15,NFP 고용보고서,high
1988-04-20,CPI 소비자물가지수,high
1988-04-26,GDP 성장률 발표,normal
1988-04-27,PCE 개인소비지출,high
1988-05-16,NFP 고용보고서,high
1988-05-20,CPI 소비자물가지수,high
1988-05-26,GDP 성장률 발표,normal
1988-05-27,PCE 개인소비지출,high
1988-06-15,NFP 고용보고서,high
1988-06-21,CPI 소비자물가지수,high
1988-06-23,GDP 성장률 발표,normal
1988-06-24,PCE 개인소비지출,high
1988-07-15,NFP 고용보고서,high
1988-07-22,CPI 소비자물가지수,high
1988-07-27,GDP 성장률 발표,normal
1988-07-28,PCE 개인소비지출,high
1988-08-15,NFP 고용보고서,high
1988-08-23,CPI 소비자물가지수,high
1988-08-25,GDP 성장률 발표,normal
1988-08-26,PCE 개인소비지출,high
1988-09-14,NFP 고용보고서,high
1988-09-20,GDP 성장률 발표,normal
1988-09-21,CPI 소비자물가지수,high
1988-09-21,PCE 개인소비지출,high
1988-10-14,NFP 고용보고서,high
1988-10-21,CPI 소비자물가지수,high
1988-10-26,GDP 성장률 발표,normal
1988-10-27,PCE 개인소비지출,high
1988-11-15,NFP 고용보고서,high
1988-11-22,CPI 소비자물가지수,high
1988-11-29,GDP 성장률 발표,normal
1988-11-30,PCE 개인소비지출,high
1988-12-14,NFP 고용보고서,high
1988-12-20,CPI 소비자물가지수,high
1988-12-20,GDP 성장률 발표,normal
1988-12-21,PCE 개인소비지출,high
1989-01-18,NFP 고용보고서,high
1989-01-19,CPI 소비자물가지수,high
1989-01-27,GDP 성장률 발표,normal
1989-01-30,PCE 개인소비지출,high
1989-02-15,NFP 고용보고서,high
1989-02-22,CPI 소비자물가지수,high
1989-02-28,GDP 성장률 발표,normal
1989-03-01,PCE 개인소비지출,high
1989-03-16,NFP 고용보고서,high
1989-03-21,CPI 소비자물가지수,high
1989-03-23,GDP 성장률 발표,normal
1989-03-24,PCE 개인소비지출,high
1989-04-14,NFP 고용보고서,high
1989-04-18,CPI 소비자물가지수,high
1989-04-26,GDP 성장률 발표,normal
1989-04-27,PCE 개인소비지출,high
1989-05-15,NFP 고용보고서,high
1989-05-18,CPI 소비자물가지수,high
1989-05-25,GDP 성장률 발표,normal
1989-05-26,PCE 개인소비지출,high
1989-06-15,NFP 고용보고서,high
1989-06-16,CPI 소비자물가지수,high
1989-06-22,GDP 성장률 발표,normal
1989-06-23,PCE 개인소비지출,high
1989-07-14,NFP 고용보고서,high
1989-07-19,CPI 소비자물가지수,high
1989-07-27,GDP 성장률 발표,normal
1989-07-28,PCE 개인소비지출,high
1989-08-16,NFP 고용보고서,high
1989-08-18,CPI 소비자물가지수,high
1989-08-29,GDP 성장률 발표,normal
1989-08-30,PCE 개인소비지출,high
1989-09-15,NFP 고용보고서,high
1989-09-19,CPI 소비자물가지수,high
1989-09-21,GDP 성장률 발표,normal
1989-09-22,PCE 개인소비지출,high
1989-10-17,NFP 고용보고서,high
1989-10-19,CPI 소비자물가지수,high
1989-10-26,GDP 성장률 발표,normal
1989-10-27,PCE 개인소비지출,high
1989-11-14,NFP 고용보고서,high
1989-11-21,CPI 소비자물가지수,high
1989-11-29,GDP 성장률 발표,normal
1989-11-30,PCE 개인소비지출,high
1989-12-15,NFP 고용보고서,high
1989-12-19,CPI 소비자물가지수,high
1989-12-20,GDP 성장률 발표,normal
1989-12-21,PCE 개인소비지출,high
1990-01-17,NFP 고용보고서,high
1990-01-18,CPI 소비자물가지수,high
1990-01-26,GDP 성장률 발표,normal
1990-01-29,PCE 개인소비지출,high
1990-02-16,NFP 고용보고서,high
1990-02-21,CPI 소비자물가지수,high
1990-02-28,GDP 성장률 발표,normal
1990-03-01,PCE 개인소비지출,high
1990-03-16,NFP 고용보고서,high
1990-03-20,CPI 소비자물가지수,high
1990-03-28,GDP 성장률 발표,normal
1990-03-29,PCE 개인소비지출,high
1990-04-17,CPI 소비자물가지수,high
1990-04-17,NFP 고용보고서,high
1990-04-27,GDP 성장률 발표,normal
1990-04-30,PCE 개인소비지출,high
1990-05-15,NFP 고용보고서,high
1990-05-16,CPI 소비자물가지수,high
1990-05-24,GDP 성장률 발표,normal
1990-05-25,PCE 개인소비지출,high
1990-06-15,CPI 소비자물가지수,high
1990-06-15,NFP 고용보고서,high
1990-06-21,GDP 성장률 발표,normal
1990-06-22,PCE 개인소비지출,high
1990-07-17,NFP 고용보고서,high
1990-07-18,CPI 소비자물가지수,high
1990-07-27,GDP 성장률 발표,normal
1990-07-30,PCE 개인소비지출,high
1990-08-15,NFP 고용보고서,high
1990-08-16,CPI 소비자물가지수,high
1990-08-24,GDP 성장률 발표,normal
1990-08-27,PCE 개인소비지출,high
1990-09-14,NFP 고용보고서,high
1990-09-18,CPI 소비자물가지수,high
1990-09-25,GDP 성장률 발표,normal
1990-09-26,PCE 개인소비지출,high
1990-10-17,NFP 고용보고서,high
1990-10-18,CPI 소비자물가지수,high
1990-10-30,GDP 성장률 발표,normal
1990-10-31,PCE 개인소비지출,high
1990-11-13,NFP 고용보고서,high
1990-11-16,CPI 소비자물가지수,high
1990-11-28,GDP 성장률 발표,normal
1990-11-29,PCE 개인소비지출,high
1990-12-14,NFP 고용보고서,high
1990-12-18,CPI 소비자물가지수,high
1990-12-19,GDP 성장률 발표,normal
1990-12-20,PCE 개인소비지출,high
1991-01-16,CPI 소비자물가지수,high
1991-01-16,NFP 고용보고서,high
1991-01-25,GDP 성장률 발표,normal
1991-01-28,PCE 개인소비지출,high
1991-02-15,NFP 고용보고서,high
1991-02-20,CPI 소비자물가지수,high
1991-02-27,GDP 성장률 발표,normal
1991-02-28,PCE 개인소비지출,high
1991-03-15,NFP 고용보고서,high
1991-03-19,CPI 소비자물가지수,high
1991-03-27,GDP 성장률 발표,normal
1991-03-28,PCE 개인소비지출,high
1991-04-12,CPI 소비자물가지수,high
1991-04-16,NFP 고용보고서,high
1991-04-26,GDP 성장률 발표,normal
1991-04-29,PCE 개인소비지출,high
1991-05-13,NFP 고용보고서,high
1991-05-14,CPI 소비자물가지수,high
1991-05-29,GDP 성장률 발표,normal
1991-05-30,PCE 개인소비지출,high
1991-06-14,CPI 소비자물가지수,high
1991-06-14,NFP 고용보고서,high
1991-06-26,GDP 성장률 발표,normal
1991-06-27,PCE 개인소비지출,high
1991-07-15,NFP 고용보고서,high
1991-07-17,CPI 소비자물가지수,high
1991-07-26,GDP 성장률 발표,normal
1991-07-29,PCE 개인소비지출,high
1991-08-14,CPI 소비자물가지수,high
1991-08-16,NFP 고용보고서,high
1991-08-28,GDP 성장률 발표,normal
1991-08-29,PCE 개인소비지출,high
1991-09-13,CPI 소비자물가지수,high
1991-09-17,NFP 고용보고서,high
1991-09-26,GDP 성장률 발표,normal
1991-09-27,PCE 개인소비지출,high
1991-10-17,CPI 소비자물가지수,high
1991-10-17,NFP 고용보고서,high
1991-10-29,GDP 성장률 발표,normal
1991-10-30,PCE 개인소비지출,high
1991-11-14,CPI 소비자물가지수,high
1991-11-15,NFP 고용보고서,high
1991-11-27,PCE 개인소비지출,high
1991-12-04,GDP 성장률 발표,normal
1991-12-13,CPI 소비자물가지수,high
1991-12-16,NFP 고용보고서,high
1991-12-20,GDP 성장률 발표,normal
1991-12-23,PCE 개인소비지출,high
1992-01-16,CPI 소비자물가지수,high
1992-01-17,NFP 고용보고서,high
1992-01-29,GDP 성장률 발표,normal
1992-01-30,PCE 개인소비지출,high
1992-02-14,NFP 고용보고서,high
1992-02-19,CPI 소비자물가지수,high
1992-02-28,GDP 성장률 발표,normal
1992-03-02,PCE 개인소비지출,high
1992-03-17,CPI 소비자물가지수,high
1992-03-17,NFP 고용보고서,high
1992-03-26,GDP 성장률 발표,normal
1992-03-27,PCE 개인소비지출,high
1992-04-10,CPI 소비자물가지수,high
1992-04-15,NFP 고용보고서,high
1992-04-28,GDP 성장률 발표,normal
1992-04-29,PCE 개인소비지출,high
1992-05-13,CPI 소비자물가지수,high
1992-05-15,NFP 고용보고서,high
1992-05-29,GDP 성장률 발표,normal
1992-06-01,PCE 개인소비지출,high
1992-06-12,CPI 소비자물가지수,high
1992-06-16,NFP 고용보고서,high
1992-06-25,GDP 성장률 발표,normal
1992-06-26,PCE 개인소비지출,high
1992-07-14,CPI 소비자물가지수,high
1992-07-15,NFP 고용보고서,high
1992-07-30,GDP 성장률 발표,normal
1992-07-31,PCE 개인소비지출,high
1992-08-13,CPI 소비자물가지수,high
1992-08-14,NFP 고용보고서,high
1992-08-27,GDP 성장률 발표,normal
1992-08-28,PCE 개인소비지출,high
1992-09-15,CPI 소비자물가지수,high
1992-09-16,NFP 고용보고서,high
1992-09-24,GDP 성장률 발표,normal
1992-09-25,PCE 개인소비지출,high
1992-10-15,CPI 소비자물가지수,high
1992-10-16,NFP 고용보고서,high
1992-10-27,GDP 성장률 발표,normal
1992-10-28,PCE 개인소비지출,high
1992-11-13,CPI 소비자물가지수,high
1992-11-16,NFP 고용보고서,high
1992-11-25,GDP 성장률 발표,normal
1992-11-27,PCE 개인소비지출,high
1992-12-13,CPI 소비자물가지수,high
1992-12-16,NFP 고용보고서,high
1992-12-22,GDP 성장률 발표,normal
1992-12-23,PCE 개인소비지출,high
1993-01-15,CPI 소비자물가지수,high
1993-01-15,NFP 고용보고서,high
1993-01-28,GDP 성장률 발표,normal
1993-01-29,PCE 개인소비지출,high
1993-02-18,CPI 소비자물가지수,high
1993-02-18,NFP 고용보고서,high
1993-02-26,GDP 성장률 발표,normal
1993-03-01,PCE 개인소비지출,high
1993-03-17,CPI 소비자물가지수,high
1993-03-17,NFP 고용보고서,high
1993-03-26,GDP 성장률 발표,normal
1993-03-29,PCE 개인소비지출,high
1993-04-09,CPI 소비자물가지수,high
1993-04-16,NFP 고용보고서,high
1993-04-29,GDP 성장률 발표,normal
1993-04-30,PCE 개인소비지출,high
1993-05-13,CPI 소비자물가지수,high
1993-05-14,NFP 고용보고서,high
1993-05-28,GDP 성장률 발표,normal
1993-06-01,PCE 개인소비지출,high
1993-06-15,CPI 소비자물가지수,high
1993-06-16,NFP 고용보고서,high
1993-06-23,GDP 성장률 발표,normal
1993-06-24,PCE 개인소비지출,high
1993-07-14,CPI 소비자물가지수,high
1993-07-16,NFP 고용보고서,high
1993-07-29,GDP 성장률 발표,normal
1993-07-30,PCE 개인소비지출,high
1993-08-13,CPI 소비자물가지수,high
1993-08-16,NFP 고용보고서,high
1993-08-31,GDP 성장률 발표,normal
1993-08-31,PCE 개인소비지출,high
1993-09-14,CPI 소비자물가지수,high
1993-09-16,NFP 고용보고서,high
1993-09-29,GDP 성장률 발표,normal
1993-09-30,PCE 개인소비지출,high
1993-10-15,CPI 소비자물가지수,high
1993-10-15,NFP 고용보고서,high
1993-10-28,GDP 성장률 발표,normal
1993-10-29,PCE 개인소비지출,high
1993-11-10,CPI 소비자물가지수,high
1993-11-15,NFP 고용보고서,high
1993-12-01,GDP 성장률 발표,normal
1993-12-02,PCE 개인소비지출,high
1993-12-10,CPI 소비자물가지수,high
1993-12-15,NFP 고용보고서,high
1993-12-22,GDP 성장률 발표,normal
1993-12-23,PCE 개인소비지출,high
1994-01-13,CPI 소비자물가지수,high
1994-01-14,NFP 고용보고서,high
1994-01-28,GDP 성장률 발표,normal
1994-01-31,PCE 개인소비지출,high
1994-02-15,NFP 고용보고서,high
1994-02-17,CPI 소비자물가지수,high
1994-03-01,GDP 성장률 발표,normal
1994-03-02,PCE 개인소비지출,high
1994-03-15,NFP 고용보고서,high
1994-03-16,CPI 소비자물가지수,high
1994-03-31,GDP 성장률 발표,normal
1994-04-01,PCE 개인소비지출,high
1994-04-13,CPI 소비자물가지수,high
1994-04-15,NFP 고용보고서,high
1994-04-28,GDP 성장률 발표,normal
1994-04-29,PCE 개인소비지출,high
1994-05-13,CPI 소비자물가지수,high
1994-05-16,NFP 고용보고서,high
1994-05-27,GDP 성장률 발표,normal
1994-05-31,PCE 개인소비지출,high
1994-06-14,CPI 소비자물가지수,high
1994-06-15,NFP 고용보고서,high
1994-06-29,GDP 성장률 발표,normal
1994-06-30,PCE 개인소비지출,high
1994-07-13,CPI 소비자물가지수,high
1994-07-15,NFP 고용보고서,high
1994-07-29,GDP 성장률 발표,normal
1994-08-01,PCE 개인소비지출,high
1994-08-12,CPI 소비자물가지수,high
1994-08-15,NFP 고용보고서,high
1994-08-26,GDP 성장률 발표,normal
1994-08-29,PCE 개인소비지출,high
1994-09-13,CPI 소비자물가지수,high
1994-09-16,NFP 고용보고서,high
1994-09-29,GDP 성장률 발표,normal
1994-09-30,PCE 개인소비지출,high
1994-10-14,CPI 소비자물가지수,high
1994-10-14,NFP 고용보고서,high
1994-10-28,GDP 성장률 발표,normal
1994-10-31,PCE 개인소비지출,high
1994-11-15,NFP 고용보고서,high
1994-11-16,CPI 소비자물가지수,high
1994-11-30,GDP 성장률 발표,normal
1994-12-01,PCE 개인소비지출,high
1994-12-14,CPI 소비자물가지수,high
1994-12-14,NFP 고용보고서,high
1994-12-22,GDP 성장률 발표,normal
1994-12-23,PCE 개인소비지출,high
1995-01-11,CPI 소비자물가지수,high
1995-01-17,NFP 고용보고서,high
1995-01-27,GDP 성장률 발표,normal
1995-01-30,PCE 개인소비지출,high
1995-02-15,CPI 소비자물가지수,high
1995-02-15,NFP 고용보고서,high
1995-03-01,GDP 성장률 발표,normal
1995-03-02,PCE 개인소비지출,high
1995-03-15,NFP 고용보고서,high
1995-03-16,CPI 소비자물가지수,high
1995-03-31,GDP 성장률 발표,normal
1995-04-03,PCE 개인소비지출,high
1995-04-12,CPI 소비자물가지수,high
1995-04-14,NFP 고용보고서,high
1995-04-28,GDP 성장률 발표,normal
1995-05-01,PCE 개인소비지출,high
1995-05-12,CPI 소비자물가지수,high
1995-05-16,NFP 고용보고서,high
1995-05-31,GDP 성장률 발표,normal
1995-06-01,PCE 개인소비지출,high
1995-06-13,CPI 소비자물가지수,high
1995-06-15,NFP 고용보고서,high
1995-06-30,GDP 성장률 발표,normal
1995-07-03,PCE 개인소비지출,high
1995-07-14,CPI 소비자물가지수,high
1995-07-14,NFP 고용보고서,high
1995-07-28,GDP 성장률 발표,normal
1995-07-31,PCE 개인소비지출,high
1995-08-11,CPI 소비자물가지수,high
1995-08-15,NFP 고용보고서,high
1995-08-30,GDP 성장률 발표,normal
1995-08-31,PCE 개인소비지출,high
1995-09-13,CPI 소비자물가지수,high
1995-09-15,NFP 고용보고서,high
1995-09-29,GDP 성장률 발표,normal
1995-10-02,PCE 개인소비지출,high
1995-10-13,CPI 소비자물가지수,high
1995-10-17,NFP 고용보고서,high
1995-10-27,GDP 성장률 발표,normal
1995-10-30,PCE 개인소비지출,high
1995-11-15,CPI 소비자물가지수,high
1995-11-15,NFP 고용보고서,high
1995-12-14,CPI 소비자물가지수,high
1995-12-14,NFP 고용보고서,high
1996-01-19,GDP 성장률 발표,normal
1996-01-23,PCE 개인소비지출,high
1996-01-24,NFP 고용보고서,high
1996-02-01,CPI 소비자물가지수,high
1996-02-16,NFP 고용보고서,high
1996-02-23,GDP 성장률 발표,normal
1996-02-28,CPI 소비자물가지수,high
1996-03-04,PCE 개인소비지출,high
1996-03-15,CPI 소비자물가지수,high
1996-03-15,NFP 고용보고서,high
1996-04-02,GDP 성장률 발표,normal
1996-04-03,PCE 개인소비지출,high
1996-04-12,CPI 소비자물가지수,high
1996-04-16,NFP 고용보고서,high
1996-05-02,GDP 성장률 발표,normal
1996-05-03,PCE 개인소비지출,high
1996-05-14,CPI 소비자물가지수,high
1996-05-15,NFP 고용보고서,high
1996-05-30,GDP 성장률 발표,normal
1996-05-31,PCE 개인소비지출,high
1996-06-12,CPI 소비자물가지수,high
1996-06-14,NFP 고용보고서,high
1996-06-28,GDP 성장률 발표,normal
1996-07-01,PCE 개인소비지출,high
1996-07-16,CPI 소비자물가지수,high
1996-07-16,NFP 고용보고서,high
1996-08-01,GDP 성장률 발표,normal
1996-08-02,PCE 개인소비지출,high
1996-08-13,CPI 소비자물가지수,high
1996-08-15,NFP 고용보고서,high
1996-08-29,GDP 성장률 발표,normal
1996-08-30,PCE 개인소비지출,high
1996-09-13,CPI 소비자물가지수,high
1996-09-17,NFP 고용보고서,high
1996-09-27,GDP 성장률 발표,normal
1996-09-30,PCE 개인소비지출,high
1996-10-16,CPI 소비자물가지수,high
1996-10-17,NFP 고용보고서,high
1996-10-30,GDP 성장률 발표,normal
1996-10-31,PCE 개인소비지출,high
1996-11-14,CPI 소비자물가지수,high
1996-11-15,NFP 고용보고서,high
1996-11-27,GDP 성장률 발표,normal
1996-11-29,PCE 개인소비지출,high
1996-12-12,CPI 소비자물가지수,high
1996-12-16,NFP 고용보고서,high
1996-12-20,GDP 성장률 발표,normal
1996-12-23,PCE 개인소비지출,high
1997-01-14,CPI 소비자물가지수,high
1997-01-17,NFP 고용보고서,high
1997-01-27,NFP 고용보고서,high
1997-01-31,GDP 성장률 발표,normal
1997-02-03,PCE 개인소비지출,high
1997-02-14,NFP 고용보고서,high
1997-02-19,CPI 소비자물가지수,high
1997-02-28,GDP 성장률 발표,normal
1997-03-03,PCE 개인소비지출,high
1997-03-14,NFP 고용보고서,high
1997-03-19,CPI 소비자물가지수,high
1997-03-28,GDP 성장률 발표,normal
1997-03-31,PCE 개인소비지출,high
1997-04-15,CPI 소비자물가지수,high
1997-04-16,NFP 고용보고서,high
1997-04-30,GDP 성장률 발표,normal
1997-05-01,PCE 개인소비지출,high
1997-05-07,GDP 성장률 발표,normal
1997-05-07,PCE 개인소비지출,high
1997-05-15,CPI 소비자물가지수,high
1997-05-15,NFP 고용보고서,high
1997-05-15,GDP 성장률 발표,normal
1997-05-30,GDP 성장률 발표,normal
1997-06-02,PCE 개인소비지출,high
1997-06-17,CPI 소비자물가지수,high
1997-06-17,NFP 고용보고서,high
1997-06-27,GDP 성장률 발표,normal
1997-06-30,PCE 개인소비지출,high
1997-07-16,CPI 소비자물가지수,high
1997-07-16,NFP 고용보고서,high
1997-07-31,GDP 성장률 발표,normal
1997-08-01,PCE 개인소비지출,high
1997-08-14,CPI 소비자물가지수,high
1997-08-14,NFP 고용보고서,high
1997-08-28,GDP 성장률 발표,normal
1997-08-29,PCE 개인소비지출,high
1997-09-16,CPI 소비자물가지수,high
1997-09-16,NFP 고용보고서,high
1997-09-26,GDP 성장률 발표,normal
1997-09-29,PCE 개인소비지출,high
1997-10-16,CPI 소비자물가지수,high
1997-10-17,NFP 고용보고서,high
1997-10-31,GDP 성장률 발표,normal
1997-11-03,PCE 개인소비지출,high
1997-11-17,NFP 고용보고서,high
1997-11-18,CPI 소비자물가지수,high
1997-11-26,GDP 성장률 발표,normal
1997-11-28,PCE 개인소비지출,high
1997-12-15,NFP 고용보고서,high
1997-12-16,CPI 소비자물가지수,high
1997-12-23,GDP 성장률 발표,normal
1997-12-24,PCE 개인소비지출,high
1998-01-13,CPI 소비자물가지수,high
1998-01-16,NFP 고용보고서,high
1998-01-30,GDP 성장률 발표,normal
1998-02-02,PCE 개인소비지출,high
1998-02-17,NFP 고용보고서,high
1998-02-24,CPI 소비자물가지수,high
1998-02-27,GDP 성장률 발표,normal
1998-03-02,PCE 개인소비지출,high
1998-03-17,NFP 고용보고서,high
1998-03-19,CPI 소비자물가지수,high
1998-03-26,GDP 성장률 발표,normal
1998-03-27,PCE 개인소비지출,high
1998-04-14,CPI 소비자물가지수,high
1998-04-17,NFP 고용보고서,high
1998-04-30,GDP 성장률 발표,normal
1998-05-01,PCE 개인소비지출,high
1998-05-14,CPI 소비자물가지수,high
1998-05-15,NFP 고용보고서,high
1998-05-28,GDP 성장률 발표,normal
1998-05-29,PCE 개인소비지출,high
1998-06-16,CPI 소비자물가지수,high
1998-06-16,NFP 고용보고서,high
1998-06-25,GDP 성장률 발표,normal
1998-06-26,PCE 개인소비지출,high
1998-07-14,CPI 소비자물가지수,high
1998-07-16,NFP 고용보고서,high
1998-07-31,GDP 성장률 발표,normal
1998-08-03,PCE 개인소비지출,high
1998-08-14,NFP 고용보고서,high
1998-08-18,CPI 소비자물가지수,high
1998-08-27,GDP 성장률 발표,normal
1998-08-28,PCE 개인소비지출,high
1998-09-16,NFP 고용보고서,high
1998-09-17,CPI 소비자물가지수,high
1998-09-24,GDP 성장률 발표,normal
1998-09-25,PCE 개인소비지출,high
1998-10-16,CPI 소비자물가지수,high
1998-10-16,NFP 고용보고서,high
1998-10-30,GDP 성장률 발표,normal
1998-11-02,PCE 개인소비지출,high
1998-11-16,NFP 고용보고서,high
1998-11-17,CPI 소비자물가지수,high
1998-11-24,GDP 성장률 발표,normal
1998-11-25,PCE 개인소비지출,high
1998-12-15,CPI 소비자물가지수,high
1998-12-16,NFP 고용보고서,high
1998-12-23,GDP 성장률 발표,normal
1998-12-24,PCE 개인소비지출,high
1999-01-14,CPI 소비자물가지수,high
1999-01-15,NFP 고용보고서,high
1999-01-29,GDP 성장률 발표,normal
1999-02-01,PCE 개인소비지출,high
1999-02-17,NFP 고용보고서,high
1999-02-19,CPI 소비자물가지수,high
1999-02-26,GDP 성장률 발표,normal
1999-03-01,PCE 개인소비지출,high
1999-03-16,NFP 고용보고서,high
1999-03-18,CPI 소비자물가지수,high
1999-03-31,GDP 성장률 발표,normal
1999-04-01,PCE 개인소비지출,high
1999-04-13,CPI 소비자물가지수,high
1999-04-16,NFP 고용보고서,high
1999-04-30,GDP 성장률 발표,normal
1999-05-03,PCE 개인소비지출,high
1999-05-14,CPI 소비자물가지수,high
1999-05-14,NFP 고용보고서,high
1999-05-27,GDP 성장률 발표,normal
1999-05-28,PCE 개인소비지출,high
1999-06-16,CPI 소비자물가지수,high
1999-06-16,NFP 고용보고서,high
1999-06-25,GDP 성장률 발표,normal
1999-06-28,PCE 개인소비지출,high
1999-07-15,CPI 소비자물가지수,high
1999-07-16,NFP 고용보고서,high
1999-07-29,GDP 성장률 발표,normal
1999-07-30,PCE 개인소비지출,high
1999-08-17,CPI 소비자물가지수,high
1999-08-17,NFP 고용보고서,high
1999-08-26,GDP 성장률 발표,normal
1999-08-27,PCE 개인소비지출,high
1999-09-15,CPI 소비자물가지수,high
1999-09-16,NFP 고용보고서,high
1999-09-30,GDP 성장률 발표,normal
1999-10-01,PCE 개인소비지출,high
1999-10-15,NFP 고용보고서,high
1999-10-19,CPI 소비자물가지수,high
1999-10-28,GDP 성장률 발표,normal
1999-10-29,GDP 성장률 발표,normal
1999-10-30,GDP 성장률 발표,normal
1999-11-01,GDP 성장률 발표,normal
1999-11-02,GDP 성장률 발표,normal
1999-11-02,PCE 개인소비지출,high
1999-11-03,GDP 성장률 발표,normal
1999-11-16,NFP 고용보고서,high
1999-11-17,CPI 소비자물가지수,high
1999-11-24,GDP 성장률 발표,normal
1999-11-26,PCE 개인소비지출,high
1999-12-03,GDP 성장률 발표,normal
1999-12-07,GDP 성장률 발표,normal
1999-12-09,PCE 개인소비지출,high
1999-12-14,CPI 소비자물가지수,high
1999-12-15,NFP 고용보고서,high
1999-12-22,GDP 성장률 발표,normal
1999-12-23,PCE 개인소비지출,high
2000-01-14,CPI 소비자물가지수,high
2000-01-14,NFP 고용보고서,high
2000-01-28,GDP 성장률 발표,normal
2000-01-31,PCE 개인소비지출,high
2000-02-15,NFP 고용보고서,high
2000-02-18,CPI 소비자물가지수,high
2000-02-25,GDP 성장률 발표,normal
2000-02-28,PCE 개인소비지출,high
2000-03-15,NFP 고용보고서,high
2000-03-17,CPI 소비자물가지수,high
2000-03-30,GDP 성장률 발표,normal
2000-03-31,PCE 개인소비지출,high
2000-04-03,GDP 성장률 발표,normal
2000-04-05,PCE 개인소비지출,high
2000-04-06,GDP 성장률 발표,normal
2000-04-12,PCE 개인소비지출,high
2000-04-14,CPI 소비자물가지수,high
2000-04-14,NFP 고용보고서,high
2000-04-27,GDP 성장률 발표,normal
2000-04-28,PCE 개인소비지출,high
2000-05-02,GDP 성장률 발표,normal
2000-05-15,NFP 고용보고서,high
2000-05-16,CPI 소비자물가지수,high
2000-05-25,GDP 성장률 발표,normal
2000-05-26,PCE 개인소비지출,high
2000-06-14,CPI 소비자물가지수,high
2000-06-15,NFP 고용보고서,high
2000-06-16,GDP 성장률 발표,normal
2000-06-29,GDP 성장률 발표,normal
2000-06-30,PCE 개인소비지출,high
2000-07-14,NFP 고용보고서,high
2000-07-18,CPI 소비자물가지수,high
2000-07-28,GDP 성장률 발표,normal
2000-08-01,PCE 개인소비지출,high
2000-08-15,NFP 고용보고서,high
2000-08-16,CPI 소비자물가지수,high
2000-08-25,GDP 성장률 발표,normal
2000-08-28,PCE 개인소비지출,high
2000-09-15,CPI 소비자물가지수,high
2000-09-15,NFP 고용보고서,high
2000-09-28,CPI 소비자물가지수,high
2000-09-28,GDP 성장률 발표,normal
2000-09-29,PCE 개인소비지출,high
2000-10-17,NFP 고용보고서,high
2000-10-18,CPI 소비자물가지수,high
2000-10-27,GDP 성장률 발표,normal
2000-10-30,PCE 개인소비지출,high
2000-11-15,NFP 고용보고서,high
2000-11-16,CPI 소비자물가지수,high
2000-11-29,GDP 성장률 발표,normal
2000-11-30,PCE 개인소비지출,high
2000-12-15,CPI 소비자물가지수,high
2000-12-15,NFP 고용보고서,high
2000-12-21,GDP 성장률 발표,normal
2000-12-22,PCE 개인소비지출,high
2001-01-17,CPI 소비자물가지수,high
2001-01-17,NFP 고용보고서,high
2001-01-31,GDP 성장률 발표,normal
2001-02-01,PCE 개인소비지출,high
2001-02-16,NFP 고용보고서,high
2001-02-21,CPI 소비자물가지수,high
2001-02-28,GDP 성장률 발표,normal
2001-03-01,PCE 개인소비지출,high
2001-03-16,NFP 고용보고서,high
2001-03-21,CPI 소비자물가지수,high
2001-03-29,GDP 성장률 발표,normal
2001-03-30,PCE 개인소비지출,high
2001-04-17,CPI 소비자물가지수,high
2001-04-17,NFP 고용보고서,high
2001-04-27,GDP 성장률 발표,normal
2001-04-30,PCE 개인소비지출,high
2001-05-14,NFP 고용보고서,high
2001-05-16,CPI 소비자물가지수,high
2001-05-25,GDP 성장률 발표,normal
2001-05-29,PCE 개인소비지출,high
2001-06-15,CPI 소비자물가지수,high
2001-06-15,NFP 고용보고서,high
2001-06-29,GDP 성장률 발표,normal
2001-07-02,PCE 개인소비지출,high
2001-07-05,PCE 개인소비지출,high
2001-07-17,NFP 고용보고서,high
2001-07-18,CPI 소비자물가지수,high
2001-07-27,GDP 성장률 발표,normal
2001-07-31,PCE 개인소비지출,high
2001-08-15,NFP 고용보고서,high
2001-08-16,CPI 소비자물가지수,high
2001-08-29,GDP 성장률 발표,normal
2001-08-30,PCE 개인소비지출,high
2001-09-14,NFP 고용보고서,high
2001-09-18,CPI 소비자물가지수,high
2001-09-28,GDP 성장률 발표,normal
2001-10-01,PCE 개인소비지출,high
2001-10-16,NFP 고용보고서,high
2001-10-19,CPI 소비자물가지수,high
2001-10-31,GDP 성장률 발표,normal
2001-11-01,PCE 개인소비지출,high
2001-11-16,CPI 소비자물가지수,high
2001-11-16,NFP 고용보고서,high
2001-11-30,GDP 성장률 발표,normal
2001-12-03,PCE 개인소비지출,high
2001-12-14,CPI 소비자물가지수,high
2001-12-14,NFP 고용보고서,high
2001-12-21,GDP 성장률 발표,normal
2001-12-21,PCE 개인소비지출,high
2002-01-16,CPI 소비자물가지수,high
2002-01-16,NFP 고용보고서,high
2002-01-30,GDP 성장률 발표,normal
2002-01-31,PCE 개인소비지출,high
2002-02-15,NFP 고용보고서,high
2002-02-20,CPI 소비자물가지수,high
2002-02-28,GDP 성장률 발표,normal
2002-03-01,PCE 개인소비지출,high
2002-03-15,NFP 고용보고서,high
2002-03-21,CPI 소비자물가지수,high
2002-03-28,GDP 성장률 발표,normal
2002-03-29,PCE 개인소비지출,high
2002-04-16,CPI 소비자물가지수,high
2002-04-16,NFP 고용보고서,high
2002-04-26,GDP 성장률 발표,normal
2002-04-29,PCE 개인소비지출,high
2002-05-15,CPI 소비자물가지수,high
2002-05-15,NFP 고용보고서,high
2002-05-24,GDP 성장률 발표,normal
2002-05-28,PCE 개인소비지출,high
2002-06-14,NFP 고용보고서,high
2002-06-18,CPI 소비자물가지수,high
2002-06-27,GDP 성장률 발표,normal
2002-06-28,PCE 개인소비지출,high
2002-07-16,NFP 고용보고서,high
2002-07-19,CPI 소비자물가지수,high
2002-07-31,GDP 성장률 발표,normal
2002-08-02,PCE 개인소비지출,high
2002-08-15,NFP 고용보고서,high
2002-08-16,CPI 소비자물가지수,high
2002-08-29,GDP 성장률 발표,normal
2002-08-30,PCE 개인소비지출,high
2002-09-17,NFP 고용보고서,high
2002-09-18,CPI 소비자물가지수,high
2002-09-27,GDP 성장률 발표,normal
2002-09-30,PCE 개인소비지출,high
2002-10-17,NFP 고용보고서,high
2002-10-18,CPI 소비자물가지수,high
2002-10-31,GDP 성장률 발표,normal
2002-11-01,PCE 개인소비지출,high
2002-11-15,NFP 고용보고서,high
2002-11-19,CPI 소비자물가지수,high
2002-11-26,GDP 성장률 발표,normal
2002-11-27,PCE 개인소비지출,high
2002-12-05,NFP 고용보고서,high
2002-12-17,CPI 소비자물가지수,high
2002-12-17,NFP 고용보고서,high
2002-12-20,GDP 성장률 발표,normal
2002-12-23,PCE 개인소비지출,high
2003-01-16,CPI 소비자물가지수,high
2003-01-17,NFP 고용보고서,high
2003-01-30,GDP 성장률 발표,normal
2003-01-31,PCE 개인소비지출,high
2003-02-14,NFP 고용보고서,high
2003-02-21,CPI 소비자물가지수,high
2003-02-28,GDP 성장률 발표,normal
2003-03-03,PCE 개인소비지출,high
2003-03-14,NFP 고용보고서,high
2003-03-21,CPI 소비자물가지수,high
2003-03-27,GDP 성장률 발표,normal
2003-03-28,PCE 개인소비지출,high
2003-04-15,NFP 고용보고서,high
2003-04-16,CPI 소비자물가지수,high
2003-04-25,GDP 성장률 발표,normal
2003-04-28,PCE 개인소비지출,high
2003-05-15,NFP 고용보고서,high
2003-05-16,CPI 소비자물가지수,high
2003-05-29,GDP 성장률 발표,normal
2003-05-30,PCE 개인소비지출,high
2003-06-17,CPI 소비자물가지수,high
2003-06-17,NFP 고용보고서,high
2003-06-26,GDP 성장률 발표,normal
2003-06-27,PCE 개인소비지출,high
2003-07-16,CPI 소비자물가지수,high
2003-07-16,NFP 고용보고서,high
2003-07-31,GDP 성장률 발표,normal
2003-08-01,PCE 개인소비지출,high
2003-08-15,CPI 소비자물가지수,high
2003-08-15,NFP 고용보고서,high
2003-08-28,GDP 성장률 발표,normal
2003-08-29,PCE 개인소비지출,high
2003-09-15,NFP 고용보고서,high
2003-09-16,CPI 소비자물가지수,high
2003-09-26,GDP 성장률 발표,normal
2003-09-29,PCE 개인소비지출,high
2003-10-16,CPI 소비자물가지수,high
2003-10-16,NFP 고용보고서,high
2003-10-30,GDP 성장률 발표,normal
2003-10-31,PCE 개인소비지출,high
2003-11-10,NFP 고용보고서,high
2003-11-14,NFP 고용보고서,high
2003-11-18,CPI 소비자물가지수,high
2003-11-25,GDP 성장률 발표,normal
2003-11-26,PCE 개인소비지출,high
2003-12-10,GDP 성장률 발표,normal
2003-12-11,GDP 성장률 발표,normal
2003-12-13,GDP 성장률 발표,normal
2003-12-16,CPI 소비자물가지수,high
2003-12-16,NFP 고용보고서,high
2003-12-16,GDP 성장률 발표,normal
2003-12-18,GDP 성장률 발표,normal
2003-12-23,GDP 성장률 발표,normal
2003-12-23,PCE 개인소비지출,high
2003-12-31,PCE 개인소비지출,high
2004-01-05,PCE 개인소비지출,high
2004-01-09,GDP 성장률 발표,normal
2004-01-13,GDP 성장률 발표,normal
2004-01-15,CPI 소비자물가지수,high
2004-01-16,NFP 고용보고서,high
2004-01-20,PCE 개인소비지출,high
2004-01-23,GDP 성장률 발표,normal
2004-01-30,GDP 성장률 발표,normal
2004-02-02,PCE 개인소비지출,high
2004-02-17,NFP 고용보고서,high
2004-02-20,CPI 소비자물가지수,high
2004-02-27,GDP 성장률 발표,normal
2004-03-01,PCE 개인소비지출,high
2004-03-15,NFP 고용보고서,high
2004-03-17,CPI 소비자물가지수,high
2004-03-25,GDP 성장률 발표,normal
2004-03-26,PCE 개인소비지출,high
2004-04-14,CPI 소비자물가지수,high
2004-04-16,NFP 고용보고서,high
2004-04-29,GDP 성장률 발표,normal
2004-04-30,PCE 개인소비지출,high
2004-05-14,CPI 소비자물가지수,high
2004-05-14,NFP 고용보고서,high
2004-05-27,GDP 성장률 발표,normal
2004-05-28,PCE 개인소비지출,high
2004-06-15,CPI 소비자물가지수,high
2004-06-16,NFP 고용보고서,high
2004-06-25,GDP 성장률 발표,normal
2004-06-28,PCE 개인소비지출,high
2004-07-15,NFP 고용보고서,high
2004-07-16,CPI 소비자물가지수,high
2004-07-30,GDP 성장률 발표,normal
2004-08-03,PCE 개인소비지출,high
2004-08-17,CPI 소비자물가지수,high
2004-08-17,NFP 고용보고서,high
2004-08-27,GDP 성장률 발표,normal
2004-08-30,PCE 개인소비지출,high
2004-09-15,NFP 고용보고서,high
2004-09-16,CPI 소비자물가지수,high
2004-09-29,GDP 성장률 발표,normal
2004-09-30,PCE 개인소비지출,high
2004-10-15,NFP 고용보고서,high
2004-10-19,CPI 소비자물가지수,high
2004-10-29,GDP 성장률 발표,normal
2004-11-01,PCE 개인소비지출,high
2004-11-17,CPI 소비자물가지수,high
2004-11-17,NFP 고용보고서,high
2004-11-30,GDP 성장률 발표,normal
2004-12-01,PCE 개인소비지출,high
2004-12-14,NFP 고용보고서,high
2004-12-17,CPI 소비자물가지수,high
2004-12-22,NFP 고용보고서,high
2004-12-22,GDP 성장률 발표,normal
2004-12-23,PCE 개인소비지출,high
2005-01-14,NFP 고용보고서,high
2005-01-19,CPI 소비자물가지수,high
2005-01-28,GDP 성장률 발표,normal
2005-01-31,PCE 개인소비지출,high
2005-02-16,NFP 고용보고서,high
2005-02-18,CPI 소비자물가지수,high
2005-02-23,CPI 소비자물가지수,high
2005-02-25,GDP 성장률 발표,normal
2005-02-28,PCE 개인소비지출,high
2005-03-16,NFP 고용보고서,high
2005-03-23,CPI 소비자물가지수,high
2005-03-30,GDP 성장률 발표,normal
2005-03-31,PCE 개인소비지출,high
2005-04-15,NFP 고용보고서,high
2005-04-20,CPI 소비자물가지수,high
2005-04-28,GDP 성장률 발표,normal
2005-04-29,PCE 개인소비지출,high
2005-05-17,NFP 고용보고서,high
2005-05-18,CPI 소비자물가지수,high
2005-05-26,GDP 성장률 발표,normal
2005-05-27,PCE 개인소비지출,high
2005-06-15,CPI 소비자물가지수,high
2005-06-15,NFP 고용보고서,high
2005-06-29,GDP 성장률 발표,normal
2005-06-30,PCE 개인소비지출,high
2005-07-14,CPI 소비자물가지수,high
2005-07-15,NFP 고용보고서,high
2005-07-29,GDP 성장률 발표,normal
2005-08-02,PCE 개인소비지출,high
2005-08-16,CPI 소비자물가지수,high
2005-08-16,NFP 고용보고서,high
2005-08-31,GDP 성장률 발표,normal
2005-09-01,PCE 개인소비지출,high
2005-09-14,NFP 고용보고서,high
2005-09-15,CPI 소비자물가지수,high
2005-09-29,GDP 성장률 발표,normal
2005-09-30,PCE 개인소비지출,high
2005-10-14,CPI 소비자물가지수,high
2005-10-14,NFP 고용보고서,high
2005-10-28,GDP 성장률 발표,normal
2005-10-31,PCE 개인소비지출,high
2005-11-07,NFP 고용보고서,high
2005-11-16,CPI 소비자물가지수,high
2005-11-17,NFP 고용보고서,high
2005-11-30,GDP 성장률 발표,normal
2005-12-01,PCE 개인소비지출,high
2005-12-15,CPI 소비자물가지수,high
2005-12-15,NFP 고용보고서,high
2005-12-21,GDP 성장률 발표,normal
2005-12-22,PCE 개인소비지출,high
2006-01-17,NFP 고용보고서,high
2006-01-18,CPI 소비자물가지수,high
2006-01-27,GDP 성장률 발표,normal
2006-01-30,PCE 개인소비지출,high
2006-02-15,NFP 고용보고서,high
2006-02-17,CPI 소비자물가지수,high
2006-02-22,CPI 소비자물가지수,high
2006-02-28,GDP 성장률 발표,normal
2006-03-01,PCE 개인소비지출,high
2006-03-16,CPI 소비자물가지수,high
2006-03-17,NFP 고용보고서,high
2006-03-30,GDP 성장률 발표,normal
2006-03-31,PCE 개인소비지출,high
2006-04-14,NFP 고용보고서,high
2006-04-19,CPI 소비자물가지수,high
2006-04-28,GDP 성장률 발표,normal
2006-05-01,PCE 개인소비지출,high
2006-05-04,GDP 성장률 발표,normal
2006-05-04,PCE 개인소비지출,high
2006-05-16,NFP 고용보고서,high
2006-05-17,CPI 소비자물가지수,high
2006-05-25,GDP 성장률 발표,normal
2006-05-26,PCE 개인소비지출,high
2006-06-14,CPI 소비자물가지수,high
2006-06-15,NFP 고용보고서,high
2006-06-29,GDP 성장률 발표,normal
2006-06-30,PCE 개인소비지출,high
2006-07-17,NFP 고용보고서,high
2006-07-19,CPI 소비자물가지수,high
2006-07-28,GDP 성장률 발표,normal
2006-08-01,PCE 개인소비지출,high
2006-08-16,CPI 소비자물가지수,high
2006-08-16,NFP 고용보고서,high
2006-08-30,GDP 성장률 발표,normal
2006-08-31,PCE 개인소비지출,high
2006-09-15,CPI 소비자물가지수,high
2006-09-15,NFP 고용보고서,high
2006-09-28,GDP 성장률 발표,normal
2006-09-29,PCE 개인소비지출,high
2006-10-17,NFP 고용보고서,high
2006-10-18,CPI 소비자물가지수,high
2006-10-27,GDP 성장률 발표,normal
2006-10-30,PCE 개인소비지출,high
2006-11-16,CPI 소비자물가지수,high
2006-11-16,NFP 고용보고서,high
2006-11-29,GDP 성장률 발표,normal
2006-11-30,PCE 개인소비지출,high
2006-12-11,NFP 고용보고서,high
2006-12-15,CPI 소비자물가지수,high
2006-12-15,NFP 고용보고서,high
2006-12-21,GDP 성장률 발표,normal
2006-12-22,PCE 개인소비지출,high
2007-01-17,NFP 고용보고서,high
2007-01-18,CPI 소비자물가지수,high
2007-01-31,GDP 성장률 발표,normal
2007-02-01,PCE 개인소비지출,high
2007-02-15,NFP 고용보고서,high
2007-02-16,CPI 소비자물가지수,high
2007-02-21,CPI 소비자물가지수,high
2007-02-28,GDP 성장률 발표,normal
2007-03-01,PCE 개인소비지출,high
2007-03-16,CPI 소비자물가지수,high
2007-03-16,NFP 고용보고서,high
2007-03-29,GDP 성장률 발표,normal
2007-03-30,PCE 개인소비지출,high
2007-04-17,CPI 소비자물가지수,high
2007-04-17,NFP 고용보고서,high
2007-04-27,GDP 성장률 발표,normal
2007-04-30,PCE 개인소비지출,high
2007-05-15,CPI 소비자물가지수,high
2007-05-16,NFP 고용보고서,high
2007-05-31,GDP 성장률 발표,normal
2007-06-01,PCE 개인소비지출,high
2007-06-15,CPI 소비자물가지수,high
2007-06-15,NFP 고용보고서,high
2007-06-28,GDP 성장률 발표,normal
2007-06-29,PCE 개인소비지출,high
2007-07-17,NFP 고용보고서,high
2007-07-18,CPI 소비자물가지수,high
2007-07-27,GDP 성장률 발표,normal
2007-07-31,PCE 개인소비지출,high
2007-08-15,CPI 소비자물가지수,high
2007-08-15,NFP 고용보고서,high
2007-08-30,GDP 성장률 발표,normal
2007-08-31,PCE 개인소비지출,high
2007-09-14,NFP 고용보고서,high
2007-09-19,CPI 소비자물가지수,high
2007-09-27,GDP 성장률 발표,normal
2007-09-28,PCE 개인소비지출,high
2007-10-16,NFP 고용보고서,high
2007-10-17,CPI 소비자물가지수,high
2007-10-31,GDP 성장률 발표,normal
2007-11-01,PCE 개인소비지출,high
2007-11-15,CPI 소비자물가지수,high
2007-11-16,NFP 고용보고서,high
2007-11-29,GDP 성장률 발표,normal
2007-11-30,PCE 개인소비지출,high
2007-12-14,CPI 소비자물가지수,high
2007-12-14,NFP 고용보고서,high
2007-12-20,GDP 성장률 발표,normal
2007-12-21,PCE 개인소비지출,high
2008-01-16,CPI 소비자물가지수,high
2008-01-16,NFP 고용보고서,high
2008-01-30,GDP 성장률 발표,normal
2008-01-31,PCE 개인소비지출,high
2008-02-15,CPI 소비자물가지수,high
2008-02-15,NFP 고용보고서,high
2008-02-20,CPI 소비자물가지수,high
2008-02-28,GDP 성장률 발표,normal
2008-02-29,PCE 개인소비지출,high
2008-03-14,CPI 소비자물가지수,high
2008-03-17,NFP 고용보고서,high
2008-03-27,GDP 성장률 발표,normal
2008-03-28,NFP 고용보고서,high
2008-03-28,PCE 개인소비지출,high
2008-04-16,CPI 소비자물가지수,high
2008-04-16,NFP 고용보고서,high
2008-04-30,GDP 성장률 발표,normal
2008-05-01,PCE 개인소비지출,high
2008-05-05,GDP 성장률 발표,normal
2008-05-14,CPI 소비자물가지수,high
2008-05-15,NFP 고용보고서,high
2008-05-29,GDP 성장률 발표,normal
2008-05-30,PCE 개인소비지출,high
2008-06-13,CPI 소비자물가지수,high
2008-06-17,NFP 고용보고서,high
2008-06-26,GDP 성장률 발표,normal
2008-06-27,PCE 개인소비지출,high
2008-07-16,CPI 소비자물가지수,high
2008-07-16,NFP 고용보고서,high
2008-07-31,GDP 성장률 발표,normal
2008-08-04,PCE 개인소비지출,high
2008-08-14,CPI 소비자물가지수,high
2008-08-15,NFP 고용보고서,high
2008-08-28,GDP 성장률 발표,normal
2008-08-29,PCE 개인소비지출,high
2008-09-15,NFP 고용보고서,high
2008-09-16,CPI 소비자물가지수,high
2008-09-26,GDP 성장률 발표,normal
2008-09-29,PCE 개인소비지출,high
2008-10-16,CPI 소비자물가지수,high
2008-10-16,NFP 고용보고서,high
2008-10-30,GDP 성장률 발표,normal
2008-10-31,PCE 개인소비지출,high
2008-11-17,NFP 고용보고서,high
2008-11-19,CPI 소비자물가지수,high
2008-11-25,GDP 성장률 발표,normal
2008-11-26,PCE 개인소비지출,high
2008-12-15,NFP 고용보고서,high
2008-12-16,CPI 소비자물가지수,high
2008-12-23,GDP 성장률 발표,normal
2008-12-24,PCE 개인소비지출,high
2009-01-16,CPI 소비자물가지수,high
2009-01-16,NFP 고용보고서,high
2009-01-30,GDP 성장률 발표,normal
2009-02-02,PCE 개인소비지출,high
2009-02-18,CPI 소비자물가지수,high
2009-02-18,NFP 고용보고서,high
2009-02-20,CPI 소비자물가지수,high
2009-02-27,GDP 성장률 발표,normal
2009-03-02,PCE 개인소비지출,high
2009-03-16,NFP 고용보고서,high
2009-03-18,CPI 소비자물가지수,high
2009-03-26,GDP 성장률 발표,normal
2009-03-27,NFP 고용보고서,high
2009-03-27,PCE 개인소비지출,high
2009-04-15,CPI 소비자물가지수,high
2009-04-15,NFP 고용보고서,high
2009-04-29,GDP 성장률 발표,normal
2009-04-30,PCE 개인소비지출,high
2009-05-15,CPI 소비자물가지수,high
2009-05-15,NFP 고용보고서,high
2009-05-29,GDP 성장률 발표,normal
2009-06-01,PCE 개인소비지출,high
2009-06-16,NFP 고용보고서,high
2009-06-17,CPI 소비자물가지수,high
2009-06-25,GDP 성장률 발표,normal
2009-06-26,PCE 개인소비지출,high
2009-07-15,CPI 소비자물가지수,high
2009-07-15,NFP 고용보고서,high
2009-07-31,GDP 성장률 발표,normal
2009-08-04,PCE 개인소비지출,high
2009-08-05,GDP 성장률 발표,normal
2009-08-05,PCE 개인소비지출,high
2009-08-14,CPI 소비자물가지수,high
2009-08-14,NFP 고용보고서,high
2009-08-17,GDP 성장률 발표,normal
2009-08-17,PCE 개인소비지출,high
2009-08-20,GDP 성장률 발표,normal
2009-08-20,PCE 개인소비지출,high
2009-08-27,GDP 성장률 발표,normal
2009-08-28,PCE 개인소비지출,high
2009-09-16,CPI 소비자물가지수,high
2009-09-16,NFP 고용보고서,high
2009-09-30,GDP 성장률 발표,normal
2009-10-01,PCE 개인소비지출,high
2009-10-15,CPI 소비자물가지수,high
2009-10-16,NFP 고용보고서,high
2009-10-29,GDP 성장률 발표,normal
2009-10-30,PCE 개인소비지출,high
2009-11-17,NFP 고용보고서,high
2009-11-18,CPI 소비자물가지수,high
2009-11-24,GDP 성장률 발표,normal
2009-11-25,PCE 개인소비지출,high
2009-12-15,NFP 고용보고서,high
2009-12-16,CPI 소비자물가지수,high
2009-12-22,GDP 성장률 발표,normal
2009-12-23,PCE 개인소비지출,high
2010-01-14,Release_86,normal
2010-01-15,CPI 소비자물가지수,high
2010-01-15,NFP 고용보고서,high
2010-01-21,Release_86,normal
2010-01-28,Release_86,normal
2010-01-29,GDP 성장률 발표,normal
2010-02-01,PCE 개인소비지출,high
2010-02-04,Release_86,normal
2010-02-11,Release_86,normal
2010-02-17,CPI 소비자물가지수,high
2010-02-17,NFP 고용보고서,high
2010-02-18,Release_86,normal
2010-02-19,CPI 소비자물가지수,high
2010-02-25,Release_86,normal
2010-02-26,GDP 성장률 발표,normal
2010-03-01,PCE 개인소비지출,high
2010-03-04,Release_86,normal
2010-03-11,Release_86,normal
2010-03-15,NFP 고용보고서,high
2010-03-18,CPI 소비자물가지수,high
2010-03-18,Release_86,normal
2010-03-25,Release_86,normal
2010-03-26,GDP 성장률 발표,normal
2010-03-29,PCE 개인소비지출,high
2010-04-01,Release_86,normal
2010-04-08,Release_86,normal
2010-04-14,CPI 소비자물가지수,high
2010-04-15,NFP 고용보고서,high
2010-04-15,Release_86,normal
2010-04-22,Release_86,normal
2010-04-29,Release_86,normal
2010-04-30,GDP 성장률 발표,normal
2010-05-03,PCE 개인소비지출,high
2010-05-06,Release_86,normal
2010-05-13,Release_86,normal
2010-05-14,NFP 고용보고서,high
2010-05-19,CPI 소비자물가지수,high
2010-05-20,Release_86,normal
2010-05-27,GDP 성장률 발표,normal
2010-05-27,Release_86,normal
2010-05-28,PCE 개인소비지출,high
2010-06-03,Release_86,normal
2010-06-10,Release_86,normal
2010-06-16,NFP 고용보고서,high
2010-06-17,CPI 소비자물가지수,high
2010-06-17,Release_86,normal
2010-06-24,Release_86,normal
2010-06-25,NFP 고용보고서,high
2010-06-25,GDP 성장률 발표,normal
2010-06-28,PCE 개인소비지출,high
2010-07-01,Release_86,normal
2010-07-08,Release_86,normal
2010-07-15,NFP 고용보고서,high
2010-07-15,Release_86,normal
2010-07-16,CPI 소비자물가지수,high
2010-07-22,Release_86,normal
2010-07-29,Release_86,normal
2010-07-30,GDP 성장률 발표,normal
2010-08-03,PCE 개인소비지출,high
2010-08-05,Release_86,normal
2010-08-12,Release_86,normal
2010-08-13,CPI 소비자물가지수,high
2010-08-17,NFP 고용보고서,high
2010-08-19,Release_86,normal
2010-08-26,Release_86,normal
2010-08-27,GDP 성장률 발표,normal
2010-08-30,PCE 개인소비지출,high
2010-09-02,Release_86,normal
2010-09-09,Release_86,normal
2010-09-15,NFP 고용보고서,high
2010-09-16,Release_86,normal
2010-09-17,CPI 소비자물가지수,high
2010-09-23,Release_86,normal
2010-09-30,GDP 성장률 발표,normal
2010-09-30,Release_86,normal
2010-10-01,PCE 개인소비지출,high
2010-10-07,Release_86,normal
2010-10-14,Release_86,normal
2010-10-15,CPI 소비자물가지수,high
2010-10-18,NFP 고용보고서,high
2010-10-21,Release_86,normal
2010-10-28,Release_86,normal
2010-10-29,GDP 성장률 발표,normal
2010-11-01,PCE 개인소비지출,high
2010-11-04,Release_86,normal
2010-11-12,Release_86,normal
2010-11-16,NFP 고용보고서,high
2010-11-17,CPI 소비자물가지수,high
2010-11-18,Release_86,normal
2010-11-23,GDP 성장률 발표,normal
2010-11-24,PCE 개인소비지출,high
2010-11-26,Release_86,normal
2010-12-02,Release_86,normal
2010-12-09,Release_86,normal
2010-12-15,CPI 소비자물가지수,high
2010-12-15,NFP 고용보고서,high
2010-12-16,Release_86,normal
2010-12-22,GDP 성장률 발표,normal
2010-12-23,PCE 개인소비지출,high
2010-12-23,Release_86,normal
2010-12-30,Release_86,normal
2011-01-06,Release_86,normal
2011-01-13,Release_86,normal
2011-01-14,CPI 소비자물가지수,high
2011-01-14,NFP 고용보고서,high
2011-01-20,Release_86,normal
2011-01-27,Release_86,normal
2011-01-28,GDP 성장률 발표,normal
2011-01-31,PCE 개인소비지출,high
2011-02-03,Release_86,normal
2011-02-10,Release_86,normal
2011-02-15,CPI 소비자물가지수,high
2011-02-16,NFP 고용보고서,high
2011-02-17,CPI 소비자물가지수,high
2011-02-17,Release_86,normal
2011-02-24,Release_86,normal
2011-02-25,GDP 성장률 발표,normal
2011-02-28,PCE 개인소비지출,high
2011-03-03,Release_86,normal
2011-03-10,Release_86,normal
2011-03-17,CPI 소비자물가지수,high
2011-03-17,NFP 고용보고서,high
2011-03-17,Release_86,normal
2011-03-24,Release_86,normal
2011-03-25,NFP 고용보고서,high
2011-03-25,GDP 성장률 발표,normal
2011-03-28,PCE 개인소비지출,high
2011-03-31,Release_86,normal
2011-04-07,Release_86,normal
2011-04-14,Release_86,normal
2011-04-15,CPI 소비자물가지수,high
2011-04-15,NFP 고용보고서,high
2011-04-21,Release_86,normal
2011-04-28,GDP 성장률 발표,normal
2011-04-28,Release_86,normal
2011-04-29,PCE 개인소비지출,high
2011-05-05,Release_86,normal
2011-05-12,Release_86,normal
2011-05-13,CPI 소비자물가지수,high
2011-05-17,NFP 고용보고서,high
2011-05-19,Release_86,normal
2011-05-26,GDP 성장률 발표,normal
2011-05-26,Release_86,normal
2011-05-27,PCE 개인소비지출,high
2011-06-02,Release_86,normal
2011-06-09,Release_86,normal
2011-06-15,CPI 소비자물가지수,high
2011-06-15,NFP 고용보고서,high
2011-06-16,Release_86,normal
2011-06-23,Release_86,normal
2011-06-24,GDP 성장률 발표,normal
2011-06-27,PCE 개인소비지출,high
2011-06-30,Release_86,normal
2011-07-07,Release_86,normal
2011-07-14,Release_86,normal
2011-07-15,CPI 소비자물가지수,high
2011-07-15,NFP 고용보고서,high
2011-07-21,Release_86,normal
2011-07-28,Release_86,normal
2011-07-29,GDP 성장률 발표,normal
2011-08-02,PCE 개인소비지출,high
2011-08-04,Release_86,normal
2011-08-08,GDP 성장률 발표,normal
2011-08-08,PCE 개인소비지출,high
2011-08-11,Release_86,normal
2011-08-16,NFP 고용보고서,high
2011-08-18,CPI 소비자물가지수,high
2011-08-18,Release_86,normal
2011-08-25,Release_86,normal
2011-08-26,GDP 성장률 발표,normal
2011-08-29,PCE 개인소비지출,high
2011-09-01,Release_86,normal
2011-09-08,Release_86,normal
2011-09-15,CPI 소비자물가지수,high
2011-09-15,NFP 고용보고서,high
2011-09-15,Release_86,normal
2011-09-22,Release_86,normal
2011-09-29,GDP 성장률 발표,normal
2011-09-29,Release_86,normal
2011-09-30,PCE 개인소비지출,high
2011-10-06,Release_86,normal
2011-10-13,Release_86,normal
2011-10-17,NFP 고용보고서,high
2011-10-19,CPI 소비자물가지수,high
2011-10-20,Release_86,normal
2011-10-27,GDP 성장률 발표,normal
2011-10-27,Release_86,normal
2011-10-28,PCE 개인소비지출,high
2011-11-03,Release_86,normal
2011-11-10,Release_86,normal
2011-11-16,CPI 소비자물가지수,high
2011-11-16,NFP 고용보고서,high
2011-11-17,Release_86,normal
2011-11-22,GDP 성장률 발표,normal
2011-11-23,PCE 개인소비지출,high
2011-11-25,Release_86,normal
2011-12-01,Release_86,normal
2011-12-08,Release_86,normal
2011-12-15,NFP 고용보고서,high
2011-12-15,Release_86,normal
2011-12-16,CPI 소비자물가지수,high
2011-12-22,GDP 성장률 발표,normal
2011-12-22,Release_86,normal
2011-12-23,PCE 개인소비지출,high
2011-12-29,Release_86,normal
2012-01-05,Release_86,normal
2012-01-12,Release_86,normal
2012-01-18,NFP 고용보고서,high
2012-01-19,CPI 소비자물가지수,high
2012-01-19,Release_86,normal
2012-01-26,Release_86,normal
2012-01-27,GDP 성장률 발표,normal
2012-01-30,PCE 개인소비지출,high
2012-02-02,Release_86,normal
2012-02-09,Release_86,normal
2012-02-15,CPI 소비자물가지수,high
2012-02-15,NFP 고용보고서,high
2012-02-16,Release_86,normal
2012-02-17,CPI 소비자물가지수,high
2012-02-22,Release_86,normal
2012-02-29,GDP 성장률 발표,normal
2012-03-01,PCE 개인소비지출,high
2012-03-01,Release_86,normal
2012-03-08,Release_86,normal
2012-03-15,Release_86,normal
2012-03-16,CPI 소비자물가지수,high
2012-03-16,NFP 고용보고서,high
2012-03-22,Release_86,normal
2012-03-29,GDP 성장률 발표,normal
2012-03-29,Release_86,normal
2012-03-30,NFP 고용보고서,high
2012-03-30,PCE 개인소비지출,high
2012-04-05,Release_86,normal
2012-04-12,Release_86,normal
2012-04-13,CPI 소비자물가지수,high
2012-04-17,NFP 고용보고서,high
2012-04-19,Release_86,normal
2012-04-26,Release_86,normal
2012-04-27,GDP 성장률 발표,normal
2012-04-30,PCE 개인소비지출,high
2012-05-03,Release_86,normal
2012-05-10,Release_86,normal
2012-05-15,CPI 소비자물가지수,high
2012-05-16,NFP 고용보고서,high
2012-05-17,Release_86,normal
2012-05-24,Release_86,normal
2012-05-31,GDP 성장률 발표,normal
2012-05-31,Release_86,normal
2012-06-01,PCE 개인소비지출,high
2012-06-07,Release_86,normal
2012-06-14,CPI 소비자물가지수,high
2012-06-14,Release_86,normal
2012-06-15,NFP 고용보고서,high
2012-06-21,Release_86,normal
2012-06-28,GDP 성장률 발표,normal
2012-06-28,Release_86,normal
2012-06-29,PCE 개인소비지출,high
2012-07-05,Release_86,normal
2012-07-12,Release_86,normal
2012-07-17,CPI 소비자물가지수,high
2012-07-17,NFP 고용보고서,high
2012-07-19,Release_86,normal
2012-07-26,Release_86,normal
2012-07-27,GDP 성장률 발표,normal
2012-07-31,PCE 개인소비지출,high
2012-08-02,Release_86,normal
2012-08-09,Release_86,normal
2012-08-15,CPI 소비자물가지수,high
2012-08-15,NFP 고용보고서,high
2012-08-16,Release_86,normal
2012-08-23,Release_86,normal
2012-08-29,GDP 성장률 발표,normal
2012-08-30,PCE 개인소비지출,high
2012-08-30,Release_86,normal
2012-09-06,Release_86,normal
2012-09-13,Release_86,normal
2012-09-14,CPI 소비자물가지수,high
2012-09-14,NFP 고용보고서,high
2012-09-20,Release_86,normal
2012-09-27,GDP 성장률 발표,normal
2012-09-27,Release_86,normal
2012-09-28,PCE 개인소비지출,high
2012-10-04,Release_86,normal
2012-10-11,Release_86,normal
2012-10-16,CPI 소비자물가지수,high
2012-10-16,NFP 고용보고서,high
2012-10-18,Release_86,normal
2012-10-25,Release_86,normal
2012-10-26,GDP 성장률 발표,normal
2012-10-29,PCE 개인소비지출,high
2012-11-01,Release_86,normal
2012-11-08,Release_86,normal
2012-11-15,CPI 소비자물가지수,high
2012-11-15,Release_86,normal
2012-11-16,NFP 고용보고서,high
2012-11-23,Release_86,normal
2012-11-29,GDP 성장률 발표,normal
2012-11-29,Release_86,normal
2012-11-30,PCE 개인소비지출,high
2012-12-06,Release_86,normal
2012-12-13,Release_86,normal
2012-12-14,CPI 소비자물가지수,high
2012-12-14,NFP 고용보고서,high
2012-12-20,GDP 성장률 발표,normal
2012-12-20,Release_86,normal
2012-12-21,PCE 개인소비지출,high
2012-12-27,Release_86,normal
2013-01-03,Release_86,normal
2013-01-10,Release_86,normal
2013-01-16,CPI 소비자물가지수,high
2013-01-16,NFP 고용보고서,high
2013-01-17,Release_86,normal
2013-01-24,Release_86,normal
2013-01-30,GDP 성장률 발표,normal
2013-01-31,PCE 개인소비지출,high
2013-01-31,Release_86,normal
2013-02-07,Release_86,normal
2013-02-14,Release_86,normal
2013-02-15,NFP 고용보고서,high
2013-02-19,CPI 소비자물가지수,high
2013-02-21,CPI 소비자물가지수,high
2013-02-21,Release_86,normal
2013-02-28,GDP 성장률 발표,normal
2013-02-28,Release_86,normal
2013-03-01,PCE 개인소비지출,high
2013-03-07,Release_86,normal
2013-03-14,Release_86,normal
2013-03-15,CPI 소비자물가지수,high
2013-03-15,NFP 고용보고서,high
2013-03-21,Release_86,normal
2013-03-22,NFP 고용보고서,high
2013-03-28,GDP 성장률 발표,normal
2013-03-28,Release_86,normal
2013-03-29,PCE 개인소비지출,high
2013-04-04,Release_86,normal
2013-04-11,Release_86,normal
2013-04-16,CPI 소비자물가지수,high
2013-04-16,NFP 고용보고서,high
2013-04-18,Release_86,normal
2013-04-25,Release_86,normal
2013-04-26,GDP 성장률 발표,normal
2013-04-29,PCE 개인소비지출,high
2013-05-02,Release_86,normal
2013-05-09,Release_86,normal
2013-05-15,NFP 고용보고서,high
2013-05-16,CPI 소비자물가지수,high
2013-05-16,Release_86,normal
2013-05-23,Release_86,normal
2013-05-30,GDP 성장률 발표,normal
2013-05-30,Release_86,normal
2013-05-31,PCE 개인소비지출,high
2013-06-06,Release_86,normal
2013-06-13,Release_86,normal
2013-06-14,NFP 고용보고서,high
2013-06-18,CPI 소비자물가지수,high
2013-06-20,Release_86,normal
2013-06-26,GDP 성장률 발표,normal
2013-06-27,PCE 개인소비지출,high
2013-06-27,Release_86,normal
2013-07-05,Release_86,normal
2013-07-11,Release_86,normal
2013-07-16,CPI 소비자물가지수,high
2013-07-16,NFP 고용보고서,high
2013-07-18,Release_86,normal
2013-07-25,Release_86,normal
2013-07-31,GDP 성장률 발표,normal
2013-08-01,GDP 성장률 발표,normal
2013-08-01,Release_86,normal
2013-08-02,PCE 개인소비지출,high
2013-08-08,GDP 성장률 발표,normal
2013-08-08,PCE 개인소비지출,high
2013-08-08,Release_86,normal
2013-08-15,CPI 소비자물가지수,high
2013-08-15,NFP 고용보고서,high
2013-08-15,GDP 성장률 발표,normal
2013-08-15,Release_86,normal
2013-08-22,Release_86,normal
2013-08-29,GDP 성장률 발표,normal
2013-08-29,Release_86,normal
2013-08-30,PCE 개인소비지출,high
2013-09-05,Release_86,normal
2013-09-12,Release_86,normal
2013-09-16,NFP 고용보고서,high
2013-09-17,CPI 소비자물가지수,high
2013-09-19,Release_86,normal
2013-09-26,GDP 성장률 발표,normal
2013-09-26,Release_86,normal
2013-09-27,PCE 개인소비지출,high
2013-10-03,Release_86,normal
2013-10-10,Release_86,normal
2013-10-17,Release_86,normal
2013-10-24,Release_86,normal
2013-10-28,NFP 고용보고서,high
2013-10-30,CPI 소비자물가지수,high
2013-10-31,Release_86,normal
2013-11-01,GDP 성장률 발표,normal
2013-11-07,GDP 성장률 발표,normal
2013-11-07,Release_86,normal
2013-11-08,PCE 개인소비지출,high
2013-11-14,Release_86,normal
2013-11-15,NFP 고용보고서,high
2013-11-20,CPI 소비자물가지수,high
2013-11-21,Release_86,normal
2013-11-29,Release_86,normal
2013-12-05,GDP 성장률 발표,normal
2013-12-05,Release_86,normal
2013-12-06,PCE 개인소비지출,high
2013-12-12,Release_86,normal
2013-12-16,NFP 고용보고서,high
2013-12-17,CPI 소비자물가지수,high
2013-12-19,Release_86,normal
2013-12-20,GDP 성장률 발표,normal
2013-12-23,PCE 개인소비지출,high
2013-12-26,Release_86,normal
2014-01-02,Release_86,normal
2014-01-09,Release_86,normal
2014-01-10,GDP 성장률 발표,normal
2014-01-16,CPI 소비자물가지수,high
2014-01-16,Release_86,normal
2014-01-17,NFP 고용보고서,high
2014-01-23,Release_86,normal
2014-01-30,GDP 성장률 발표,normal
2014-01-30,Release_86,normal
2014-01-31,PCE 개인소비지출,high
2014-02-06,Release_86,normal
2014-02-14,NFP 고용보고서,high
2014-02-14,Release_86,normal
2014-02-18,CPI 소비자물가지수,high
2014-02-20,CPI 소비자물가지수,high
2014-02-20,Release_86,normal
2014-02-21,Release_86,normal
2014-02-24,Release_86,normal
2014-02-25,Release_86,normal
2014-02-26,Release_86,normal
2014-02-27,Release_86,normal
2014-02-28,GDP 성장률 발표,normal
2014-02-28,Release_86,normal
2014-03-03,PCE 개인소비지출,high
2014-03-04,Release_86,normal
2014-03-05,Release_86,normal
2014-03-06,Release_86,normal
2014-03-07,Release_86,normal
2014-03-10,Release_86,normal
2014-03-11,Release_86,normal
2014-03-12,Release_86,normal
2014-03-13,Release_86,normal
2014-03-14,Release_86,normal
2014-03-17,NFP 고용보고서,high
2014-03-18,CPI 소비자물가지수,high
2014-03-18,Release_86,normal
2014-03-19,Release_86,normal
2014-03-20,Release_86,normal
2014-03-21,Release_86,normal
2014-03-24,Release_86,normal
2014-03-25,Release_86,normal
2014-03-26,Release_86,normal
2014-03-27,GDP 성장률 발표,normal
2014-03-27,Release_86,normal
2014-03-28,PCE 개인소비지출,high
2014-03-28,Release_86,normal
2014-03-31,Release_86,normal
2014-04-01,Release_86,normal
2014-04-02,Release_86,normal
2014-04-03,Release_86,normal
2014-04-04,Release_86,normal
2014-04-07,Release_86,normal
2014-04-08,Release_86,normal
2014-04-09,Release_86,normal
2014-04-10,Release_86,normal
2014-04-11,Release_86,normal
2014-04-14,Release_86,normal
2014-04-15,CPI 소비자물가지수,high
2014-04-15,Release_86,normal
2014-04-16,NFP 고용보고서,high
2014-04-16,Release_86,normal
2014-04-17,Release_86,normal
2014-04-18,Release_86,normal
2014-04-22,Release_86,normal
2014-04-23,Release_86,normal
2014-04-24,Release_86,normal
2014-04-25,Release_86,normal
2014-04-28,Release_86,normal
2014-04-29,Release_86,normal
2014-04-30,GDP 성장률 발표,normal
2014-04-30,Release_86,normal
2014-05-01,PCE 개인소비지출,high
2014-05-01,Release_86,normal
2014-05-02,Release_86,normal
2014-05-05,Release_86,normal
2014-05-06,Release_86,normal
2014-05-07,Release_86,normal
2014-05-08,Release_86,normal
2014-05-09,Release_86,normal
2014-05-12,Release_86,normal
2014-05-13,Release_86,normal
2014-05-14,Release_86,normal
2014-05-15,CPI 소비자물가지수,high
2014-05-15,NFP 고용보고서,high
2014-05-15,Release_86,normal
2014-05-16,Release_86,normal
2014-05-19,Release_86,normal
2014-05-20,Release_86,normal
2014-05-21,Release_86,normal
2014-05-22,Release_86,normal
2014-05-23,Release_86,normal
2014-05-27,Release_86,normal
2014-05-28,Release_86,normal
2014-05-29,GDP 성장률 발표,normal
2014-05-29,Release_86,normal
2014-05-30,PCE 개인소비지출,high
2014-05-30,FOMC 금리 결정,high
2014-05-30,Release_86,normal
2014-06-02,Release_86,normal
2014-06-03,Release_86,normal
2014-06-04,Release_86,normal
2014-06-05,Release_86,normal
2014-06-06,Release_86,normal
2014-06-09,Release_86,normal
2014-06-10,Release_86,normal
2014-06-11,Release_86,normal
2014-06-12,Release_86,normal
2014-06-13,Release_86,normal
2014-06-16,NFP 고용보고서,high
2014-06-16,Release_86,normal
2014-06-17,CPI 소비자물가지수,high
2014-06-17,Release_86,normal
2014-06-18,Release_86,normal
2014-06-19,Release_86,normal
2014-06-20,Release_86,normal
2014-06-23,Release_86,normal
2014-06-24,Release_86,normal
2014-06-25,GDP 성장률 발표,normal
2014-06-25,Release_86,normal
2014-06-26,PCE 개인소비지출,high
2014-06-26,Release_86,normal
2014-06-27,Release_86,normal
2014-06-30,Release_86,normal
2014-07-01,Release_86,normal
2014-07-02,Release_86,normal
2014-07-03,Release_86,normal
2014-07-07,Release_86,normal
2014-07-08,Release_86,normal
2014-07-09,Release_86,normal
2014-07-10,Release_86,normal
2014-07-11,Release_86,normal
2014-07-14,Release_86,normal
2014-07-15,Release_86,normal
2014-07-16,NFP 고용보고서,high
2014-07-16,Release_86,normal
2014-07-17,Release_86,normal
2014-07-18,Release_86,normal
2014-07-21,Release_86,normal
2014-07-22,CPI 소비자물가지수,high
2014-07-22,Release_86,normal
2014-07-23,Release_86,normal
2014-07-24,Release_86,normal
2014-07-25,Release_86,normal
2014-07-28,Release_86,normal
2014-07-29,Release_86,normal
2014-07-30,GDP 성장률 발표,normal
2014-07-30,Release_86,normal
2014-07-31,Release_86,normal
2014-08-01,PCE 개인소비지출,high
2014-08-01,Release_86,normal
2014-08-04,Release_86,normal
2014-08-05,GDP 성장률 발표,normal
2014-08-05,Release_86,normal
2014-08-06,Release_86,normal
2014-08-07,Release_86,normal
2014-08-08,Release_86,normal
2014-08-11,Release_86,normal
2014-08-12,Release_86,normal
2014-08-13,Release_86,normal
2014-08-14,Release_86,normal
2014-08-15,NFP 고용보고서,high
2014-08-15,Release_86,normal
2014-08-18,Release_86,normal
2014-08-19,CPI 소비자물가지수,high
2014-08-19,Release_86,normal
2014-08-20,Release_86,normal
2014-08-21,Release_86,normal
2014-08-22,Release_86,normal
2014-08-25,Release_86,normal
2014-08-26,Release_86,normal
2014-08-27,Release_86,normal
2014-08-28,GDP 성장률 발표,normal
2014-08-28,Release_86,normal
2014-08-29,PCE 개인소비지출,high
2014-08-29,Release_86,normal
2014-09-02,Release_86,normal
2014-09-03,Release_86,normal
2014-09-04,Release_86,normal
2014-09-05,Release_86,normal
2014-09-08,Release_86,normal
2014-09-09,Release_86,normal
2014-09-10,Release_86,normal
2014-09-11,Release_86,normal
2014-09-12,Release_86,normal
2014-09-15,NFP 고용보고서,high
2014-09-15,Release_86,normal
2014-09-16,Release_86,normal
2014-09-17,CPI 소비자물가지수,high
2014-09-17,GDP 성장률 발표,normal
2014-09-17,Release_86,normal
2014-09-18,Release_86,normal
2014-09-19,Release_86,normal
2014-09-22,Release_86,normal
2014-09-23,Release_86,normal
2014-09-24,Release_86,normal
2014-09-25,Release_86,normal
2014-09-26,GDP 성장률 발표,normal
2014-09-26,Release_86,normal
2014-09-29,PCE 개인소비지출,high
2014-09-29,Release_86,normal
2014-09-30,Release_86,normal
2014-10-01,Release_86,normal
2014-10-02,Release_86,normal
2014-10-03,Release_86,normal
2014-10-06,Release_86,normal
2014-10-07,Release_86,normal
2014-10-08,Release_86,normal
2014-10-09,Release_86,normal
2014-10-10,Release_86,normal
2014-10-14,Release_86,normal
2014-10-15,Release_86,normal
2014-10-16,NFP 고용보고서,high
2014-10-16,Release_86,normal
2014-10-17,Release_86,normal
2014-10-20,Release_86,normal
2014-10-21,Release_86,normal
2014-10-22,CPI 소비자물가지수,high
2014-10-22,Release_86,normal
2014-10-23,Release_86,normal
2014-10-24,Release_86,normal
2014-10-27,Release_86,normal
2014-10-28,Release_86,normal
2014-10-29,Release_86,normal
2014-10-30,GDP 성장률 발표,normal
2014-10-30,Release_86,normal
2014-10-31,GDP 성장률 발표,normal
2014-10-31,PCE 개인소비지출,high
2014-10-31,Release_86,normal
2014-11-03,Release_86,normal
2014-11-04,Release_86,normal
2014-11-05,Release_86,normal
2014-11-06,Release_86,normal
2014-11-07,Release_86,normal
2014-11-10,Release_86,normal
2014-11-12,Release_86,normal
2014-11-13,Release_86,normal
2014-11-14,Release_86,normal
2014-11-17,NFP 고용보고서,high
2014-11-17,Release_86,normal
2014-11-18,Release_86,normal
2014-11-19,Release_86,normal
2014-11-20,CPI 소비자물가지수,high
2014-11-20,FOMC 금리 결정,high
2014-11-20,Release_86,normal
2014-11-21,Release_86,normal
2014-11-24,Release_86,normal
2014-11-25,GDP 성장률 발표,normal
2014-11-25,Release_86,normal
2014-11-26,PCE 개인소비지출,high
2014-11-26,Release_86,normal
2014-11-28,Release_86,normal
2014-12-01,Release_86,normal
2014-12-02,Release_86,normal
2014-12-03,Release_86,normal
2014-12-04,Release_86,normal
2014-12-05,Release_86,normal
2014-12-08,Release_86,normal
2014-12-09,Release_86,normal
2014-12-10,Release_86,normal
2014-12-11,Release_86,normal
2014-12-12,Release_86,normal
2014-12-15,NFP 고용보고서,high
2014-12-15,Release_86,normal
2014-12-16,Release_86,normal
2014-12-17,CPI 소비자물가지수,high
2014-12-17,Release_86,normal
2014-12-18,Release_86,normal
2014-12-19,Release_86,normal
2014-12-22,Release_86,normal
2014-12-23,GDP 성장률 발표,normal
2014-12-23,PCE 개인소비지출,high
2014-12-23,Release_86,normal
2014-12-24,Release_86,normal
2014-12-29,Release_86,normal
2014-12-30,Release_86,normal
2014-12-31,Release_86,normal
2015-01-02,Release_86,normal
2015-01-05,Release_86,normal
2015-01-06,Release_86,normal
2015-01-07,Release_86,normal
2015-01-08,Release_86,normal
2015-01-09,Release_86,normal
2015-01-12,Release_86,normal
2015-01-13,Release_86,normal
2015-01-14,Release_86,normal
2015-01-15,Release_86,normal
2015-01-16,CPI 소비자물가지수,high
2015-01-16,NFP 고용보고서,high
2015-01-16,Release_86,normal
2015-01-20,Release_86,normal
2015-01-21,Release_86,normal
2015-01-22,Release_86,normal
2015-01-23,Release_86,normal
2015-01-26,Release_86,normal
2015-01-27,Release_86,normal
2015-01-28,Release_86,normal
2015-01-29,Release_86,normal
2015-01-30,GDP 성장률 발표,normal
2015-01-30,Release_86,normal
2015-02-02,PCE 개인소비지출,high
2015-02-02,Release_86,normal
2015-02-03,Release_86,normal
2015-02-04,Release_86,normal
2015-02-05,Release_86,normal
2015-02-06,Release_86,normal
2015-02-09,Release_86,normal
2015-02-10,Release_86,normal
2015-02-11,Release_86,normal
2015-02-12,Release_86,normal
2015-02-13,Release_86,normal
2015-02-18,NFP 고용보고서,high
2015-02-18,Release_86,normal
2015-02-19,Release_86,normal
2015-02-20,CPI 소비자물가지수,high
2015-02-20,Release_86,normal
2015-02-23,Release_86,normal
2015-02-24,Release_86,normal
2015-02-25,Release_86,normal
2015-02-26,CPI 소비자물가지수,high
2015-02-26,Release_86,normal
2015-02-27,GDP 성장률 발표,normal
2015-02-27,Release_86,normal
2015-03-01,Release_86,normal
2015-03-02,PCE 개인소비지출,high
2015-03-02,Release_86,normal
2015-03-03,Release_86,normal
2015-03-04,Release_86,normal
2015-03-06,Release_86,normal
2015-03-09,Release_86,normal
2015-03-10,Release_86,normal
2015-03-11,Release_86,normal
2015-03-12,Release_86,normal
2015-03-13,Release_86,normal
2015-03-16,NFP 고용보고서,high
2015-03-16,Release_86,normal
2015-03-17,Release_86,normal
2015-03-18,Release_86,normal
2015-03-19,Release_86,normal
2015-03-20,Release_86,normal
2015-03-23,Release_86,normal
2015-03-24,CPI 소비자물가지수,high
2015-03-24,Release_86,normal
2015-03-25,Release_86,normal
2015-03-26,Release_86,normal
2015-03-27,GDP 성장률 발표,normal
2015-03-27,Release_86,normal
2015-03-30,PCE 개인소비지출,high
2015-03-30,Release_86,normal
2015-03-31,Release_86,normal
2015-04-01,Release_86,normal
2015-04-02,Release_86,normal
2015-04-03,Release_86,normal
2015-04-07,Release_86,normal
2015-04-08,Release_86,normal
2015-04-09,Release_86,normal
2015-04-10,Release_86,normal
2015-04-13,Release_86,normal
2015-04-14,Release_86,normal
2015-04-15,NFP 고용보고서,high
2015-04-15,Release_86,normal
2015-04-16,Release_86,normal
2015-04-17,CPI 소비자물가지수,high
2015-04-17,Release_86,normal
2015-04-20,Release_86,normal
2015-04-21,Release_86,normal
2015-04-22,Release_86,normal
2015-04-23,Release_86,normal
2015-04-24,Release_86,normal
2015-04-27,Release_86,normal
2015-04-28,Release_86,normal
2015-04-29,GDP 성장률 발표,normal
2015-04-29,Release_86,normal
2015-04-30,PCE 개인소비지출,high
2015-04-30,Release_86,normal
2015-05-01,Release_86,normal
2015-05-04,Release_86,normal
2015-05-05,Release_86,normal
2015-05-06,Release_86,normal
2015-05-07,Release_86,normal
2015-05-08,Release_86,normal
2015-05-11,Release_86,normal
2015-05-12,Release_86,normal
2015-05-13,Release_86,normal
2015-05-14,Release_86,normal
2015-05-15,NFP 고용보고서,high
2015-05-15,Release_86,normal
2015-05-18,Release_86,normal
2015-05-19,Release_86,normal
2015-05-20,Release_86,normal
2015-05-21,Release_86,normal
2015-05-22,CPI 소비자물가지수,high
2015-05-22,Release_86,normal
2015-05-26,Release_86,normal
2015-05-27,Release_86,normal
2015-05-28,Release_86,normal
2015-05-29,GDP 성장률 발표,normal
2015-05-29,Release_86,normal
2015-06-01,PCE 개인소비지출,high
2015-06-01,Release_86,normal
2015-06-02,Release_86,normal
2015-06-03,Release_86,normal
2015-06-04,Release_86,normal
2015-06-05,Release_86,normal
2015-06-08,Release_86,normal
2015-06-09,Release_86,normal
2015-06-10,Release_86,normal
2015-06-11,Release_86,normal
2015-06-12,Release_86,normal
2015-06-15,NFP 고용보고서,high
2015-06-15,Release_86,normal
2015-06-16,Release_86,normal
2015-06-17,Release_86,normal
2015-06-18,CPI 소비자물가지수,high
2015-06-18,Release_86,normal
2015-06-19,Release_86,normal
2015-06-22,Release_86,normal
2015-06-23,Release_86,normal
2015-06-24,GDP 성장률 발표,normal
2015-06-24,Release_86,normal
2015-06-25,PCE 개인소비지출,high
2015-06-25,Release_86,normal
2015-06-26,Release_86,normal
2015-06-29,Release_86,normal
2015-06-30,Release_86,normal
2015-07-01,Release_86,normal
2015-07-02,Release_86,normal
2015-07-03,Release_86,normal
2015-07-06,Release_86,normal
2015-07-07,Release_86,normal
2015-07-08,Release_86,normal
2015-07-09,Release_86,normal
2015-07-13,Release_86,normal
2015-07-14,Release_86,normal
2015-07-15,NFP 고용보고서,high
2015-07-15,Release_86,normal
2015-07-16,Release_86,normal
2015-07-17,CPI 소비자물가지수,high
2015-07-17,Release_86,normal
2015-07-20,Release_86,normal
2015-07-21,NFP 고용보고서,high
2015-07-21,Release_86,normal
2015-07-22,Release_86,normal
2015-07-23,Release_86,normal
2015-07-24,Release_86,normal
2015-07-27,Release_86,normal
2015-07-28,Release_86,normal
2015-07-29,Release_86,normal
2015-07-30,GDP 성장률 발표,normal
2015-07-30,Release_86,normal
2015-07-31,Release_86,normal
2015-08-03,PCE 개인소비지출,high
2015-08-03,Release_86,normal
2015-08-04,Release_86,normal
2015-08-05,Release_86,normal
2015-08-06,GDP 성장률 발표,normal
2015-08-06,Release_86,normal
2015-08-07,Release_86,normal
2015-08-10,Release_86,normal
2015-08-11,Release_86,normal
2015-08-12,Release_86,normal
2015-08-13,Release_86,normal
2015-08-14,NFP 고용보고서,high
2015-08-14,Release_86,normal
2015-08-17,Release_86,normal
2015-08-18,Release_86,normal
2015-08-19,CPI 소비자물가지수,high
2015-08-19,Release_86,normal
2015-08-20,Release_86,normal
2015-08-21,Release_86,normal
2015-08-24,Release_86,normal
2015-08-25,Release_86,normal
2015-08-26,Release_86,normal
2015-08-27,GDP 성장률 발표,normal
2015-08-27,Release_86,normal
2015-08-28,PCE 개인소비지출,high
2015-08-28,Release_86,normal
2015-08-31,Release_86,normal
2015-09-01,Release_86,normal
2015-09-02,Release_86,normal
2015-09-03,Release_86,normal
2015-09-04,Release_86,normal
2015-09-08,Release_86,normal
2015-09-09,Release_86,normal
2015-09-10,Release_86,normal
2015-09-11,Release_86,normal
2015-09-14,Release_86,normal
2015-09-15,NFP 고용보고서,high
2015-09-15,Release_86,normal
2015-09-16,CPI 소비자물가지수,high
2015-09-16,Release_86,normal
2015-09-17,Release_86,normal
2015-09-18,Release_86,normal
2015-09-21,Release_86,normal
2015-09-22,Release_86,normal
2015-09-23,Release_86,normal
2015-09-24,Release_86,normal
2015-09-25,GDP 성장률 발표,normal
2015-09-25,Release_86,normal
2015-09-28,PCE 개인소비지출,high
2015-09-28,Release_86,normal
2015-09-29,Release_86,normal
2015-09-30,Release_86,normal
2015-10-01,Release_86,normal
2015-10-02,Release_86,normal
2015-10-05,Release_86,normal
2015-10-06,Release_86,normal
2015-10-07,Release_86,normal
2015-10-08,Release_86,normal
2015-10-09,Release_86,normal
2015-10-13,Release_86,normal
2015-10-14,Release_86,normal
2015-10-15,CPI 소비자물가지수,high
2015-10-15,Release_86,normal
2015-10-16,NFP 고용보고서,high
2015-10-16,Release_86,normal
2015-10-19,Release_86,normal
2015-10-20,Release_86,normal
2015-10-21,Release_86,normal
2015-10-22,Release_86,normal
2015-10-23,Release_86,normal
2015-10-26,Release_86,normal
2015-10-27,Release_86,normal
2015-10-28,Release_86,normal
2015-10-29,GDP 성장률 발표,normal
2015-10-29,Release_86,normal
2015-10-30,PCE 개인소비지출,high
2015-10-30,Release_86,normal
2015-11-02,Release_86,normal
2015-11-03,Release_86,normal
2015-11-04,Release_86,normal
2015-11-05,Release_86,normal
2015-11-06,Release_86,normal
2015-11-09,Release_86,normal
2015-11-10,Release_86,normal
2015-11-12,Release_86,normal
2015-11-13,Release_86,normal
2015-11-16,Release_86,normal
2015-11-17,CPI 소비자물가지수,high
2015-11-17,NFP 고용보고서,high
2015-11-17,Release_86,normal
2015-11-18,Release_86,normal
2015-11-19,FOMC 금리 결정,high
2015-11-19,Release_86,normal
2015-11-20,Release_86,normal
2015-11-23,Release_86,normal
2015-11-24,GDP 성장률 발표,normal
2015-11-24,Release_86,normal
2015-11-25,PCE 개인소비지출,high
2015-11-25,Release_86,normal
2015-11-27,Release_86,normal
2015-11-30,Release_86,normal
2015-12-01,Release_86,normal
2015-12-02,Release_86,normal
2015-12-03,Release_86,normal
2015-12-04,Release_86,normal
2015-12-07,Release_86,normal
2015-12-08,Release_86,normal
2015-12-09,Release_86,normal
2015-12-10,Release_86,normal
2015-12-11,Release_86,normal
2015-12-14,Release_86,normal
2015-12-15,CPI 소비자물가지수,high
2015-12-15,Release_86,normal
2015-12-16,NFP 고용보고서,high
2015-12-16,Release_86,normal
2015-12-17,Release_86,normal
2015-12-18,Release_86,normal
2015-12-21,Release_86,normal
2015-12-22,GDP 성장률 발표,normal
2015-12-22,Release_86,normal
2015-12-23,PCE 개인소비지출,high
2015-12-23,Release_86,normal
2015-12-24,Release_86,normal
2015-12-28,Release_86,normal
2015-12-29,Release_86,normal
2015-12-30,Release_86,normal
2015-12-31,Release_86,normal
2016-01-04,Release_86,normal
2016-01-05,Release_86,normal
2016-01-06,Release_86,normal
2016-01-07,Release_86,normal
2016-01-08,Release_86,normal
2016-01-11,Release_86,normal
2016-01-12,Release_86,normal
2016-01-13,Release_86,normal
2016-01-14,Release_86,normal
2016-01-15,NFP 고용보고서,high
2016-01-15,Release_86,normal
2016-01-19,Release_86,normal
2016-01-20,CPI 소비자물가지수,high
2016-01-20,Release_86,normal
2016-01-21,Release_86,normal
2016-01-22,Release_86,normal
2016-01-27,Release_86,normal
2016-01-28,Release_86,normal
2016-01-29,GDP 성장률 발표,normal
2016-01-29,Release_86,normal
2016-02-01,PCE 개인소비지출,high
2016-02-01,Release_86,normal
2016-02-02,Release_86,normal
2016-02-03,Release_86,normal
2016-02-04,Release_86,normal
2016-02-05,Release_86,normal
2016-02-08,Release_86,normal
2016-02-09,Release_86,normal
2016-02-10,Release_86,normal
2016-02-11,Release_86,normal
2016-02-12,Release_86,normal
2016-02-16,Release_86,normal
2016-02-17,NFP 고용보고서,high
2016-02-17,Release_86,normal
2016-02-18,Release_86,normal
2016-02-19,CPI 소비자물가지수,high
2016-02-19,Release_86,normal
2016-02-22,Release_86,normal
2016-02-23,Release_86,normal
2016-02-24,Release_86,normal
2016-02-25,Release_86,normal
2016-02-26,GDP 성장률 발표,normal
2016-02-26,PCE 개인소비지출,high
2016-02-26,Release_86,normal
2016-02-29,Release_86,normal
2016-03-01,Release_86,normal
2016-03-02,Release_86,normal
2016-03-03,Release_86,normal
2016-03-04,Release_86,normal
2016-03-07,Release_86,normal
2016-03-08,Release_86,normal
2016-03-09,Release_86,normal
2016-03-10,Release_86,normal
2016-03-11,Release_86,normal
2016-03-14,Release_86,normal
2016-03-15,Release_86,normal
2016-03-16,CPI 소비자물가지수,high
2016-03-16,NFP 고용보고서,high
2016-03-16,Release_86,normal
2016-03-17,Release_86,normal
2016-03-18,Release_86,normal
2016-03-21,Release_86,normal
2016-03-22,Release_86,normal
2016-03-23,Release_86,normal
2016-03-24,Release_86,normal
2016-03-25,GDP 성장률 발표,normal
2016-03-25,Release_86,normal
2016-03-28,PCE 개인소비지출,high
2016-03-29,Release_86,normal
2016-03-30,Release_86,normal
2016-03-31,Release_86,normal
2016-04-01,NFP 고용보고서,high
2016-04-01,Release_86,normal
2016-04-04,Release_86,normal
2016-04-05,Release_86,normal
2016-04-06,Release_86,normal
2016-04-07,Release_86,normal
2016-04-08,Release_86,normal
2016-04-11,Release_86,normal
2016-04-12,Release_86,normal
2016-04-13,Release_86,normal
2016-04-14,CPI 소비자물가지수,high
2016-04-14,Release_86,normal
2016-04-15,NFP 고용보고서,high
2016-04-15,Release_86,normal
2016-04-18,Release_86,normal
2016-04-19,Release_86,normal
2016-04-20,Release_86,normal
2016-04-21,Release_86,normal
2016-04-22,Release_86,normal
2016-04-25,Release_86,normal
2016-04-26,Release_86,normal
2016-04-27,Release_86,normal
2016-04-28,GDP 성장률 발표,normal
2016-04-28,Release_86,normal
2016-04-29,PCE 개인소비지출,high
2016-04-29,Release_86,normal
2016-05-02,Release_86,normal
2016-05-03,Release_86,normal
2016-05-04,Release_86,normal
2016-05-05,Release_86,normal
2016-05-06,Release_86,normal
2016-05-09,Release_86,normal
2016-05-10,Release_86,normal
2016-05-11,Release_86,normal
2016-05-12,Release_86,normal
2016-05-13,Release_86,normal
2016-05-16,Release_86,normal
2016-05-17,CPI 소비자물가지수,high
2016-05-17,NFP 고용보고서,high
2016-05-17,Release_86,normal
2016-05-18,Release_86,normal
2016-05-19,Release_86,normal
2016-05-20,Release_86,normal
2016-05-23,Release_86,normal
2016-05-24,Release_86,normal
2016-05-25,Release_86,normal
2016-05-26,Release_86,normal
2016-05-27,GDP 성장률 발표,normal
2016-05-27,Release_86,normal
2016-05-31,PCE 개인소비지출,high
2016-05-31,Release_86,normal
2016-06-01,Release_86,normal
2016-06-02,Release_86,normal
2016-06-03,Release_86,normal
2016-06-06,Release_86,normal
2016-06-07,Release_86,normal
2016-06-08,Release_86,normal
2016-06-09,Release_86,normal
2016-06-10,Release_86,normal
2016-06-13,Release_86,normal
2016-06-14,Release_86,normal
2016-06-15,NFP 고용보고서,high
2016-06-15,Release_86,normal
2016-06-16,CPI 소비자물가지수,high
2016-06-16,Release_86,normal
2016-06-17,Release_86,normal
2016-06-20,Release_86,normal
2016-06-21,Release_86,normal
2016-06-22,Release_86,normal
2016-06-23,Release_86,normal
2016-06-24,Release_86,normal
2016-06-27,Release_86,normal
2016-06-28,GDP 성장률 발표,normal
2016-06-28,Release_86,normal
2016-06-29,PCE 개인소비지출,high
2016-06-29,Release_86,normal
2016-06-30,Release_86,normal
2016-07-01,Release_86,normal
2016-07-05,Release_86,normal
2016-07-06,Release_86,normal
2016-07-07,Release_86,normal
2016-07-08,Release_86,normal
2016-07-11,Release_86,normal
2016-07-12,Release_86,normal
2016-07-13,Release_86,normal
2016-07-14,Release_86,normal
2016-07-15,CPI 소비자물가지수,high
2016-07-15,NFP 고용보고서,high
2016-07-15,Release_86,normal
2016-07-18,Release_86,normal
2016-07-19,Release_86,normal
2016-07-20,Release_86,normal
2016-07-21,Release_86,normal
2016-07-22,Release_86,normal
2016-07-25,Release_86,normal
2016-07-26,Release_86,normal
2016-07-27,Release_86,normal
2016-07-28,Release_86,normal
2016-07-29,GDP 성장률 발표,normal
2016-07-29,Release_86,normal
2016-08-01,Release_86,normal
2016-08-02,PCE 개인소비지출,high
2016-08-02,Release_86,normal
2016-08-03,GDP 성장률 발표,normal
2016-08-03,Release_86,normal
2016-08-04,Release_86,normal
2016-08-05,Release_86,normal
2016-08-08,Release_86,normal
2016-08-09,Release_86,normal
2016-08-10,Release_86,normal
2016-08-11,Release_86,normal
2016-08-12,Release_86,normal
2016-08-15,Release_86,normal
2016-08-16,CPI 소비자물가지수,high
2016-08-16,NFP 고용보고서,high
2016-08-16,Release_86,normal
2016-08-17,Release_86,normal
2016-08-18,Release_86,normal
2016-08-19,Release_86,normal
2016-08-22,Release_86,normal
2016-08-23,Release_86,normal
2016-08-24,Release_86,normal
2016-08-25,Release_86,normal
2016-08-26,GDP 성장률 발표,normal
2016-08-26,Release_86,normal
2016-08-29,PCE 개인소비지출,high
2016-08-29,Release_86,normal
2016-08-30,Release_86,normal
2016-08-31,Release_86,normal
2016-09-01,Release_86,normal
2016-09-02,Release_86,normal
2016-09-06,Release_86,normal
2016-09-07,Release_86,normal
2016-09-08,GDP 성장률 발표,normal
2016-09-08,Release_86,normal
2016-09-09,Release_86,normal
2016-09-12,Release_86,normal
2016-09-13,Release_86,normal
2016-09-14,Release_86,normal
2016-09-15,NFP 고용보고서,high
2016-09-15,Release_86,normal
2016-09-16,CPI 소비자물가지수,high
2016-09-16,Release_86,normal
2016-09-19,Release_86,normal
2016-09-20,Release_86,normal
2016-09-21,Release_86,normal
2016-09-22,Release_86,normal
2016-09-23,Release_86,normal
2016-09-26,Release_86,normal
2016-09-27,Release_86,normal
2016-09-28,Release_86,normal
2016-09-29,GDP 성장률 발표,normal
2016-09-29,Release_86,normal
2016-09-30,PCE 개인소비지출,high
2016-09-30,Release_86,normal
2016-10-03,Release_86,normal
2016-10-04,Release_86,normal
2016-10-05,Release_86,normal
2016-10-06,Release_86,normal
2016-10-07,Release_86,normal
2016-10-11,Release_86,normal
2016-10-12,Release_86,normal
2016-10-13,Release_86,normal
2016-10-14,Release_86,normal
2016-10-17,NFP 고용보고서,high
2016-10-17,Release_86,normal
2016-10-18,CPI 소비자물가지수,high
2016-10-18,Release_86,normal
2016-10-19,Release_86,normal
2016-10-20,Release_86,normal
2016-10-21,Release_86,normal
2016-10-24,Release_86,normal
2016-10-25,Release_86,normal
2016-10-26,Release_86,normal
2016-10-27,Release_86,normal
2016-10-28,GDP 성장률 발표,normal
2016-10-28,Release_86,normal
2016-10-31,PCE 개인소비지출,high
2016-10-31,Release_86,normal
2016-11-01,Release_86,normal
2016-11-02,Release_86,normal
2016-11-03,GDP 성장률 발표,normal
2016-11-03,Release_86,normal
2016-11-04,Release_86,normal
2016-11-07,Release_86,normal
2016-11-08,Release_86,normal
2016-11-09,Release_86,normal
2016-11-10,Release_86,normal
2016-11-14,Release_86,normal
2016-11-15,Release_86,normal
2016-11-16,NFP 고용보고서,high
2016-11-16,Release_86,normal
2016-11-17,CPI 소비자물가지수,high
2016-11-17,FOMC 금리 결정,high
2016-11-17,Release_86,normal
2016-11-18,Release_86,normal
2016-11-21,Release_86,normal
2016-11-22,Release_86,normal
2016-11-23,Release_86,normal
2016-11-25,Release_86,normal
2016-11-28,Release_86,normal
2016-11-29,GDP 성장률 발표,normal
2016-11-29,Release_86,normal
2016-11-30,PCE 개인소비지출,high
2016-11-30,Release_86,normal
2016-12-01,Release_86,normal
2016-12-02,Release_86,normal
2016-12-05,Release_86,normal
2016-12-06,Release_86,normal
2016-12-07,Release_86,normal
2016-12-08,Release_86,normal
2016-12-09,Release_86,normal
2016-12-12,Release_86,normal
2016-12-13,Release_86,normal
2016-12-14,NFP 고용보고서,high
2016-12-14,Release_86,normal
2016-12-15,CPI 소비자물가지수,high
2016-12-15,Release_86,normal
2016-12-16,Release_86,normal
2016-12-19,Release_86,normal
2016-12-20,Release_86,normal
2016-12-21,Release_86,normal
2016-12-22,GDP 성장률 발표,normal
2016-12-22,PCE 개인소비지출,high
2016-12-22,Release_86,normal
2016-12-23,Release_86,normal
2016-12-27,Release_86,normal
2016-12-28,Release_86,normal
2016-12-29,Release_86,normal
2016-12-30,Release_86,normal
2017-01-03,Release_86,normal
2017-01-04,Release_86,normal
2017-01-05,Release_86,normal
2017-01-06,Release_86,normal
2017-01-09,Release_86,normal
2017-01-10,Release_86,normal
2017-01-11,Release_86,normal
2017-01-12,Release_86,normal
2017-01-13,Release_86,normal
2017-01-17,Release_86,normal
2017-01-18,CPI 소비자물가지수,high
2017-01-18,NFP 고용보고서,high
2017-01-18,Release_86,normal
2017-01-19,Release_86,normal
2017-01-23,Release_86,normal
2017-01-24,Release_86,normal
2017-01-25,Release_86,normal
2017-01-26,Release_86,normal
2017-01-27,GDP 성장률 발표,normal
2017-01-27,Release_86,normal
2017-01-30,PCE 개인소비지출,high
2017-01-30,Release_86,normal
2017-01-31,Release_86,normal
2017-02-01,Release_86,normal
2017-02-02,Release_86,normal
2017-02-03,Release_86,normal
2017-02-06,Release_86,normal
2017-02-07,Release_86,normal
2017-02-08,Release_86,normal
2017-02-09,Release_86,normal
2017-02-10,Release_86,normal
2017-02-13,CPI 소비자물가지수,high
2017-02-13,Release_86,normal
2017-02-14,Release_86,normal
2017-02-15,CPI 소비자물가지수,high
2017-02-15,NFP 고용보고서,high
2017-02-15,Release_86,normal
2017-02-16,Release_86,normal
2017-02-17,Release_86,normal
2017-02-21,Release_86,normal
2017-02-22,Release_86,normal
2017-02-23,Release_86,normal
2017-02-24,Release_86,normal
2017-02-27,Release_86,normal
2017-02-28,GDP 성장률 발표,normal
2017-02-28,Release_86,normal
2017-03-01,PCE 개인소비지출,high
2017-03-01,Release_86,normal
2017-03-02,Release_86,normal
2017-03-03,Release_86,normal
2017-03-06,Release_86,normal
2017-03-07,Release_86,normal
2017-03-08,Release_86,normal
2017-03-09,Release_86,normal
2017-03-13,Release_86,normal
2017-03-14,Release_86,normal
2017-03-15,CPI 소비자물가지수,high
2017-03-15,Release_86,normal
2017-03-16,Release_86,normal
2017-03-17,NFP 고용보고서,high
2017-03-17,Release_86,normal
2017-03-20,Release_86,normal
2017-03-21,Release_86,normal
2017-03-22,Release_86,normal
2017-03-23,Release_86,normal
2017-03-24,Release_86,normal
2017-03-27,Release_86,normal
2017-03-28,Release_86,normal
2017-03-29,Release_86,normal
2017-03-30,GDP 성장률 발표,normal
2017-03-30,Release_86,normal
2017-03-31,NFP 고용보고서,high
2017-03-31,PCE 개인소비지출,high
2017-03-31,Release_86,normal
2017-04-03,Release_86,normal
2017-04-04,Release_86,normal
2017-04-05,Release_86,normal
2017-04-06,Release_86,normal
2017-04-07,Release_86,normal
2017-04-10,Release_86,normal
2017-04-11,Release_86,normal
2017-04-12,Release_86,normal
2017-04-13,Release_86,normal
2017-04-14,CPI 소비자물가지수,high
2017-04-14,Release_86,normal
2017-04-18,NFP 고용보고서,high
2017-04-18,Release_86,normal
2017-04-19,Release_86,normal
2017-04-20,Release_86,normal
2017-04-21,Release_86,normal
2017-04-24,Release_86,normal
2017-04-25,Release_86,normal
2017-04-26,Release_86,normal
2017-04-27,Release_86,normal
2017-04-28,GDP 성장률 발표,normal
2017-04-28,Release_86,normal
2017-05-01,PCE 개인소비지출,high
2017-05-01,Release_86,normal
2017-05-02,Release_86,normal
2017-05-03,Release_86,normal
2017-05-04,Release_86,normal
2017-05-05,Release_86,normal
2017-05-08,Release_86,normal
2017-05-09,Release_86,normal
2017-05-10,Release_86,normal
2017-05-11,Release_86,normal
2017-05-12,CPI 소비자물가지수,high
2017-05-12,Release_86,normal
2017-05-15,Release_86,normal
2017-05-16,NFP 고용보고서,high
2017-05-16,Release_86,normal
2017-05-17,Release_86,normal
2017-05-18,Release_86,normal
2017-05-19,Release_86,normal
2017-05-22,Release_86,normal
2017-05-23,Release_86,normal
2017-05-24,Release_86,normal
2017-05-25,Release_86,normal
2017-05-26,GDP 성장률 발표,normal
2017-05-26,Release_86,normal
2017-05-30,PCE 개인소비지출,high
2017-05-30,Release_86,normal
2017-05-31,Release_86,normal
2017-06-01,Release_86,normal
2017-06-02,Release_86,normal
2017-06-05,Release_86,normal
2017-06-06,Release_86,normal
2017-06-07,Release_86,normal
2017-06-08,Release_86,normal
2017-06-09,Release_86,normal
2017-06-12,Release_86,normal
2017-06-13,Release_86,normal
2017-06-14,CPI 소비자물가지수,high
2017-06-14,Release_86,normal
2017-06-15,NFP 고용보고서,high
2017-06-15,Release_86,normal
2017-06-16,Release_86,normal
2017-06-19,Release_86,normal
2017-06-20,Release_86,normal
2017-06-21,Release_86,normal
2017-06-22,Release_86,normal
2017-06-23,Release_86,normal
2017-06-26,Release_86,normal
2017-06-27,Release_86,normal
2017-06-28,Release_86,normal
2017-06-29,GDP 성장률 발표,normal
2017-06-29,Release_86,normal
2017-06-30,PCE 개인소비지출,high
2017-06-30,Release_86,normal
2017-07-03,Release_86,normal
2017-07-05,Release_86,normal
2017-07-06,Release_86,normal
2017-07-07,Release_86,normal
2017-07-10,Release_86,normal
2017-07-11,Release_86,normal
2017-07-12,Release_86,normal
2017-07-13,Release_86,normal
2017-07-14,CPI 소비자물가지수,high
2017-07-14,NFP 고용보고서,high
2017-07-14,Release_86,normal
2017-07-17,Release_86,normal
2017-07-18,Release_86,normal
2017-07-19,Release_86,normal
2017-07-20,Release_86,normal
2017-07-21,Release_86,normal
2017-07-24,Release_86,normal
2017-07-25,Release_86,normal
2017-07-26,Release_86,normal
2017-07-27,Release_86,normal
2017-07-28,GDP 성장률 발표,normal
2017-07-28,Release_86,normal
2017-07-31,Release_86,normal
2017-08-01,PCE 개인소비지출,high
2017-08-01,Release_86,normal
2017-08-02,Release_86,normal
2017-08-03,GDP 성장률 발표,normal
2017-08-03,Release_86,normal
2017-08-04,Release_86,normal
2017-08-07,Release_86,normal
2017-08-08,Release_86,normal
2017-08-09,Release_86,normal
2017-08-10,Release_86,normal
2017-08-11,CPI 소비자물가지수,high
2017-08-11,Release_86,normal
2017-08-14,Release_86,normal
2017-08-15,Release_86,normal
2017-08-16,Release_86,normal
2017-08-17,NFP 고용보고서,high
2017-08-17,Release_86,normal
2017-08-18,Release_86,normal
2017-08-21,Release_86,normal
2017-08-22,Release_86,normal
2017-08-23,Release_86,normal
2017-08-24,Release_86,normal
2017-08-25,Release_86,normal
2017-08-28,Release_86,normal
2017-08-29,Release_86,normal
2017-08-30,GDP 성장률 발표,normal
2017-08-30,Release_86,normal
2017-08-31,GDP 성장률 발표,normal
2017-08-31,PCE 개인소비지출,high
2017-08-31,Release_86,normal
2017-09-01,Release_86,normal
2017-09-05,Release_86,normal
2017-09-06,Release_86,normal
2017-09-07,Release_86,normal
2017-09-08,Release_86,normal
2017-09-11,Release_86,normal
2017-09-12,Release_86,normal
2017-09-13,Release_86,normal
2017-09-14,CPI 소비자물가지수,high
2017-09-14,Release_86,normal
2017-09-15,NFP 고용보고서,high
2017-09-15,Release_86,normal
2017-09-18,Release_86,normal
2017-09-19,Release_86,normal
2017-09-20,Release_86,normal
2017-09-21,Release_86,normal
2017-09-22,Release_86,normal
2017-09-25,Release_86,normal
2017-09-26,Release_86,normal
2017-09-27,Release_86,normal
2017-09-28,GDP 성장률 발표,normal
2017-09-28,Release_86,normal
2017-09-29,PCE 개인소비지출,high
2017-09-29,Release_86,normal
2017-10-02,Release_86,normal
2017-10-03,GDP 성장률 발표,normal
2017-10-03,Release_86,normal
2017-10-04,Release_86,normal
2017-10-05,Release_86,normal
2017-10-06,Release_86,normal
2017-10-10,Release_86,normal
2017-10-11,Release_86,normal
2017-10-12,Release_86,normal
2017-10-13,CPI 소비자물가지수,high
2017-10-13,Release_86,normal
2017-10-16,Release_86,normal
2017-10-17,NFP 고용보고서,high
2017-10-17,Release_86,normal
2017-10-18,Release_86,normal
2017-10-19,Release_86,normal
2017-10-20,Release_86,normal
2017-10-23,Release_86,normal
2017-10-24,Release_86,normal
2017-10-25,Release_86,normal
2017-10-26,Release_86,normal
2017-10-27,GDP 성장률 발표,normal
2017-10-27,Release_86,normal
2017-10-30,PCE 개인소비지출,high
2017-10-30,Release_86,normal
2017-10-31,Release_86,normal
2017-11-01,Release_86,normal
2017-11-02,Release_86,normal
2017-11-03,Release_86,normal
2017-11-06,Release_86,normal
2017-11-07,Release_86,normal
2017-11-08,Release_86,normal
2017-11-09,Release_86,normal
2017-11-13,Release_86,normal
2017-11-14,Release_86,normal
2017-11-15,CPI 소비자물가지수,high
2017-11-15,Release_86,normal
2017-11-16,NFP 고용보고서,high
2017-11-16,GDP 성장률 발표,normal
2017-11-16,FOMC 금리 결정,high
2017-11-16,Release_86,normal
2017-11-17,Release_86,normal
2017-11-20,Release_86,normal
2017-11-21,Release_86,normal
2017-11-22,Release_86,normal
2017-11-24,Release_86,normal
2017-11-27,Release_86,normal
2017-11-28,Release_86,normal
2017-11-29,GDP 성장률 발표,normal
2017-11-29,Release_86,normal
2017-11-30,PCE 개인소비지출,high
2017-11-30,Release_86,normal
2017-12-01,Release_86,normal
2017-12-04,Release_86,normal
2017-12-05,Release_86,normal
2017-12-06,Release_86,normal
2017-12-07,Release_86,normal
2017-12-08,Release_86,normal
2017-12-11,Release_86,normal
2017-12-12,Release_86,normal
2017-12-13,CPI 소비자물가지수,high
2017-12-13,Release_86,normal
2017-12-14,Release_86,normal
2017-12-15,NFP 고용보고서,high
2017-12-15,Release_86,normal
2017-12-18,Release_86,normal
2017-12-19,Release_86,normal
2017-12-20,Release_86,normal
2017-12-21,GDP 성장률 발표,normal
2017-12-21,Release_86,normal
2017-12-22,PCE 개인소비지출,high
2017-12-22,Release_86,normal
2017-12-26,Release_86,normal
2017-12-27,Release_86,normal
2017-12-28,Release_86,normal
2017-12-29,Release_86,normal
2018-01-02,Release_86,normal
2018-01-03,Release_86,normal
2018-01-04,Release_86,normal
2018-01-05,Release_86,normal
2018-01-08,Release_86,normal
2018-01-09,Release_86,normal
2018-01-10,Release_86,normal
2018-01-11,Release_86,normal
2018-01-12,CPI 소비자물가지수,high
2018-01-12,Release_86,normal
2018-01-16,Release_86,normal
2018-01-17,NFP 고용보고서,high
2018-01-17,Release_86,normal
2018-01-18,Release_86,normal
2018-01-19,Release_86,normal
2018-01-22,Release_86,normal
2018-01-23,Release_86,normal
2018-01-24,Release_86,normal
2018-01-25,Release_86,normal
2018-01-26,GDP 성장률 발표,normal
2018-01-26,Release_86,normal
2018-01-29,PCE 개인소비지출,high
2018-01-29,Release_86,normal
2018-01-30,Release_86,normal
2018-01-31,Release_86,normal
2018-02-01,Release_86,normal
2018-02-02,Release_86,normal
2018-02-05,Release_86,normal
2018-02-06,Release_86,normal
2018-02-07,Release_86,normal
2018-02-08,Release_86,normal
2018-02-09,Release_86,normal
2018-02-12,Release_86,normal
2018-02-13,Release_86,normal
2018-02-14,CPI 소비자물가지수,high
2018-02-14,Release_86,normal
2018-02-15,NFP 고용보고서,high
2018-02-15,Release_86,normal
2018-02-16,Release_86,normal
2018-02-20,Release_86,normal
2018-02-21,Release_86,normal
2018-02-22,Release_86,normal
2018-02-23,Release_86,normal
2018-02-26,Release_86,normal
2018-02-27,Release_86,normal
2018-02-28,GDP 성장률 발표,normal
2018-02-28,Release_86,normal
2018-03-01,PCE 개인소비지출,high
2018-03-01,Release_86,normal
2018-03-05,Release_86,normal
2018-03-06,Release_86,normal
2018-03-07,Release_86,normal
2018-03-08,Release_86,normal
2018-03-09,Release_86,normal
2018-03-12,Release_86,normal
2018-03-13,CPI 소비자물가지수,high
2018-03-13,Release_86,normal
2018-03-14,Release_86,normal
2018-03-15,Release_86,normal
2018-03-16,NFP 고용보고서,high
2018-03-16,Release_86,normal
2018-03-19,Release_86,normal
2018-03-20,Release_86,normal
2018-03-22,Release_86,normal
2018-03-23,NFP 고용보고서,high
2018-03-23,Release_86,normal
2018-03-26,Release_86,normal
2018-03-27,Release_86,normal
2018-03-28,GDP 성장률 발표,normal
2018-03-28,Release_86,normal
2018-03-29,PCE 개인소비지출,high
2018-03-29,Release_86,normal
2018-03-30,Release_86,normal
2018-04-02,Release_86,normal
2018-04-03,Release_86,normal
2018-04-04,Release_86,normal
2018-04-05,Release_86,normal
2018-04-06,Release_86,normal
2018-04-09,Release_86,normal
2018-04-10,Release_86,normal
2018-04-11,CPI 소비자물가지수,high
2018-04-11,Release_86,normal
2018-04-12,Release_86,normal
2018-04-13,Release_86,normal
2018-04-16,Release_86,normal
2018-04-17,NFP 고용보고서,high
2018-04-17,Release_86,normal
2018-04-18,Release_86,normal
2018-04-19,Release_86,normal
2018-04-20,Release_86,normal
2018-04-23,Release_86,normal
2018-04-24,Release_86,normal
2018-04-25,Release_86,normal
2018-04-26,Release_86,normal
2018-04-27,GDP 성장률 발표,normal
2018-04-27,Release_86,normal
2018-04-30,PCE 개인소비지출,high
2018-04-30,Release_86,normal
2018-05-01,Release_86,normal
2018-05-02,Release_86,normal
2018-05-03,Release_86,normal
2018-05-04,Release_86,normal
2018-05-07,Release_86,normal
2018-05-08,Release_86,normal
2018-05-09,Release_86,normal
2018-05-10,CPI 소비자물가지수,high
2018-05-10,Release_86,normal
2018-05-11,Release_86,normal
2018-05-14,Release_86,normal
2018-05-15,Release_86,normal
2018-05-16,NFP 고용보고서,high
2018-05-16,Release_86,normal
2018-05-17,Release_86,normal
2018-05-18,Release_86,normal
2018-05-21,Release_86,normal
2018-05-22,Release_86,normal
2018-05-23,Release_86,normal
2018-05-24,Release_86,normal
2018-05-25,Release_86,normal
2018-05-29,Release_86,normal
2018-05-30,GDP 성장률 발표,normal
2018-05-30,Release_86,normal
2018-05-31,PCE 개인소비지출,high
2018-05-31,Release_86,normal
2018-06-01,Release_86,normal
2018-06-04,Release_86,normal
2018-06-05,Release_86,normal
2018-06-06,Release_86,normal
2018-06-07,Release_86,normal
2018-06-08,Release_86,normal
2018-06-11,Release_86,normal
2018-06-12,CPI 소비자물가지수,high
2018-06-12,Release_86,normal
2018-06-13,Release_86,normal
2018-06-14,Release_86,normal
2018-06-15,NFP 고용보고서,high
2018-06-15,Release_86,normal
2018-06-18,Release_86,normal
2018-06-19,Release_86,normal
2018-06-20,Release_86,normal
2018-06-21,Release_86,normal
2018-06-22,Release_86,normal
2018-06-25,Release_86,normal
2018-06-26,Release_86,normal
2018-06-27,Release_86,normal
2018-06-28,GDP 성장률 발표,normal
2018-06-28,Release_86,normal
2018-06-29,PCE 개인소비지출,high
2018-06-29,Release_86,normal
2018-07-03,Release_86,normal
2018-07-05,Release_86,normal
2018-07-06,Release_86,normal
2018-07-09,Release_86,normal
2018-07-10,Release_86,normal
2018-07-11,Release_86,normal
2018-07-12,CPI 소비자물가지수,high
2018-07-12,Release_86,normal
2018-07-13,Release_86,normal
2018-07-16,Release_86,normal
2018-07-17,NFP 고용보고서,high
2018-07-17,Release_86,normal
2018-07-18,Release_86,normal
2018-07-19,Release_86,normal
2018-07-20,Release_86,normal
2018-07-23,Release_86,normal
2018-07-24,Release_86,normal
2018-07-25,Release_86,normal
2018-07-26,Release_86,normal
2018-07-27,GDP 성장률 발표,normal
2018-07-27,Release_86,normal
2018-07-30,Release_86,normal
2018-07-31,GDP 성장률 발표,normal
2018-07-31,PCE 개인소비지출,high
2018-07-31,Release_86,normal
2018-08-01,Release_86,normal
2018-08-02,Release_86,normal
2018-08-03,Release_86,normal
2018-08-06,Release_86,normal
2018-08-07,Release_86,normal
2018-08-08,Release_86,normal
2018-08-09,Release_86,normal
2018-08-10,CPI 소비자물가지수,high
2018-08-10,Release_86,normal
2018-08-13,Release_86,normal
2018-08-14,Release_86,normal
2018-08-15,NFP 고용보고서,high
2018-08-15,Release_86,normal
2018-08-16,Release_86,normal
2018-08-17,Release_86,normal
2018-08-20,Release_86,normal
2018-08-21,Release_86,normal
2018-08-22,Release_86,normal
2018-08-23,Release_86,normal
2018-08-24,Release_86,normal
2018-08-27,Release_86,normal
2018-08-28,Release_86,normal
2018-08-29,GDP 성장률 발표,normal
2018-08-29,Release_86,normal
2018-08-30,PCE 개인소비지출,high
2018-08-30,Release_86,normal
2018-08-31,Release_86,normal
2018-09-04,Release_86,normal
2018-09-05,Release_86,normal
2018-09-06,Release_86,normal
2018-09-07,Release_86,normal
2018-09-10,Release_86,normal
2018-09-11,Release_86,normal
2018-09-12,Release_86,normal
2018-09-13,CPI 소비자물가지수,high
2018-09-13,Release_86,normal
2018-09-14,NFP 고용보고서,high
2018-09-14,Release_86,normal
2018-09-17,Release_86,normal
2018-09-18,Release_86,normal
2018-09-19,Release_86,normal
2018-09-20,Release_86,normal
2018-09-21,Release_86,normal
2018-09-24,Release_86,normal
2018-09-25,Release_86,normal
2018-09-26,Release_86,normal
2018-09-27,GDP 성장률 발표,normal
2018-09-27,Release_86,normal
2018-09-28,PCE 개인소비지출,high
2018-09-28,Release_86,normal
2018-10-01,Release_86,normal
2018-10-02,Release_86,normal
2018-10-03,Release_86,normal
2018-10-04,Release_86,normal
2018-10-05,Release_86,normal
2018-10-09,Release_86,normal
2018-10-10,Release_86,normal
2018-10-11,CPI 소비자물가지수,high
2018-10-11,Release_86,normal
2018-10-12,Release_86,normal
2018-10-15,Release_86,normal
2018-10-16,NFP 고용보고서,high
2018-10-16,Release_86,normal
2018-10-17,Release_86,normal
2018-10-18,Release_86,normal
2018-10-19,Release_86,normal
2018-10-22,Release_86,normal
2018-10-23,Release_86,normal
2018-10-24,Release_86,normal
2018-10-25,Release_86,normal
2018-10-26,GDP 성장률 발표,normal
2018-10-26,Release_86,normal
2018-10-29,PCE 개인소비지출,high
2018-10-29,Release_86,normal
2018-10-30,Release_86,normal
2018-10-31,Release_86,normal
2018-11-01,Release_86,normal
2018-11-02,Release_86,normal
2018-11-05,Release_86,normal
2018-11-06,Release_86,normal
2018-11-07,Release_86,normal
2018-11-08,Release_86,normal
2018-11-09,Release_86,normal
2018-11-13,Release_86,normal
2018-11-14,CPI 소비자물가지수,high
2018-11-14,Release_86,normal
2018-11-15,FOMC 금리 결정,high
2018-11-15,Release_86,normal
2018-11-16,NFP 고용보고서,high
2018-11-16,Release_86,normal
2018-11-19,Release_86,normal
2018-11-20,Release_86,normal
2018-11-21,Release_86,normal
2018-11-23,Release_86,normal
2018-11-26,Release_86,normal
2018-11-27,Release_86,normal
2018-11-28,GDP 성장률 발표,normal
2018-11-28,Release_86,normal
2018-11-29,PCE 개인소비지출,high
2018-11-29,Release_86,normal
2018-11-30,Release_86,normal
2018-12-03,Release_86,normal
2018-12-04,Release_86,normal
2018-12-06,Release_86,normal
2018-12-07,Release_86,normal
2018-12-10,Release_86,normal
2018-12-11,Release_86,normal
2018-12-12,CPI 소비자물가지수,high
2018-12-12,Release_86,normal
2018-12-13,Release_86,normal
2018-12-14,NFP 고용보고서,high
2018-12-14,Release_86,normal
2018-12-17,Release_86,normal
2018-12-18,Release_86,normal
2018-12-19,Release_86,normal
2018-12-20,Release_86,normal
2018-12-21,GDP 성장률 발표,normal
2018-12-21,PCE 개인소비지출,high
2018-12-21,Release_86,normal
2018-12-26,Release_86,normal
2018-12-27,Release_86,normal
2018-12-28,Release_86,normal
2018-12-31,Release_86,normal
2019-01-02,Release_86,normal
2019-01-04,Release_86,normal
2019-01-07,Release_86,normal
2019-01-08,Release_86,normal
2019-01-09,Release_86,normal
2019-01-10,Release_86,normal
2019-01-11,CPI 소비자물가지수,high
2019-01-11,Release_86,normal
2019-01-15,Release_86,normal
2019-01-16,Release_86,normal
2019-01-17,Release_86,normal
2019-01-18,NFP 고용보고서,high
2019-01-18,Release_86,normal
2019-01-22,Release_86,normal
2019-01-23,Release_86,normal
2019-01-24,Release_86,normal
2019-01-25,Release_86,normal
2019-01-28,Release_86,normal
2019-01-29,Release_86,normal
2019-01-30,Release_86,normal
2019-01-31,Release_86,normal
2019-02-01,Release_86,normal
2019-02-04,Release_86,normal
2019-02-05,Release_86,normal
2019-02-06,Release_86,normal
2019-02-07,Release_86,normal
2019-02-08,Release_86,normal
2019-02-11,CPI 소비자물가지수,high
2019-02-11,Release_86,normal
2019-02-12,Release_86,normal
2019-02-13,CPI 소비자물가지수,high
2019-02-13,Release_86,normal
2019-02-14,Release_86,normal
2019-02-15,NFP 고용보고서,high
2019-02-15,Release_86,normal
2019-02-19,Release_86,normal
2019-02-21,Release_86,normal
2019-02-22,Release_86,normal
2019-02-25,Release_86,normal
2019-02-26,Release_86,normal
2019-02-27,Release_86,normal
2019-02-28,GDP 성장률 발표,normal
2019-02-28,Release_86,normal
2019-03-01,PCE 개인소비지출,high
2019-03-01,Release_86,normal
2019-03-04,Release_86,normal
2019-03-05,Release_86,normal
2019-03-06,Release_86,normal
2019-03-07,Release_86,normal
2019-03-08,Release_86,normal
2019-03-11,Release_86,normal
2019-03-12,CPI 소비자물가지수,high
2019-03-12,Release_86,normal
2019-03-13,Release_86,normal
2019-03-14,Release_86,normal
2019-03-15,NFP 고용보고서,high
2019-03-15,Release_86,normal
2019-03-18,Release_86,normal
2019-03-19,Release_86,normal
2019-03-20,Release_86,normal
2019-03-21,Release_86,normal
2019-03-22,Release_86,normal
2019-03-25,Release_86,normal
2019-03-26,Release_86,normal
2019-03-27,NFP 고용보고서,high
2019-03-27,Release_86,normal
2019-03-28,GDP 성장률 발표,normal
2019-03-28,Release_86,normal
2019-03-29,PCE 개인소비지출,high
2019-03-29,Release_86,normal
2019-04-01,Release_86,normal
2019-04-02,Release_86,normal
2019-04-03,Release_86,normal
2019-04-04,Release_86,normal
2019-04-05,Release_86,normal
2019-04-08,Release_86,normal
2019-04-09,Release_86,normal
2019-04-10,CPI 소비자물가지수,high
2019-04-10,Release_86,normal
2019-04-11,Release_86,normal
2019-04-12,Release_86,normal
2019-04-15,Release_86,normal
2019-04-16,NFP 고용보고서,high
2019-04-16,Release_86,normal
2019-04-17,Release_86,normal
2019-04-18,Release_86,normal
2019-04-19,Release_86,normal
2019-04-22,Release_86,normal
2019-04-23,Release_86,normal
2019-04-24,Release_86,normal
2019-04-25,Release_86,normal
2019-04-26,GDP 성장률 발표,normal
2019-04-26,Release_86,normal
2019-04-29,PCE 개인소비지출,high
2019-04-29,Release_86,normal
2019-04-30,Release_86,normal
2019-05-01,Release_86,normal
2019-05-02,Release_86,normal
2019-05-03,Release_86,normal
2019-05-06,Release_86,normal
2019-05-07,Release_86,normal
2019-05-08,Release_86,normal
2019-05-09,Release_86,normal
2019-05-10,CPI 소비자물가지수,high
2019-05-10,Release_86,normal
2019-05-13,Release_86,normal
2019-05-14,Release_86,normal
2019-05-15,NFP 고용보고서,high
2019-05-15,Release_86,normal
2019-05-16,Release_86,normal
2019-05-17,Release_86,normal
2019-05-20,Release_86,normal
2019-05-21,Release_86,normal
2019-05-22,Release_86,normal
2019-05-23,Release_86,normal
2019-05-24,Release_86,normal
2019-05-28,Release_86,normal
2019-05-29,Release_86,normal
2019-05-30,GDP 성장률 발표,normal
2019-05-30,Release_86,normal
2019-05-31,PCE 개인소비지출,high
2019-05-31,Release_86,normal
2019-06-03,Release_86,normal
2019-06-04,Release_86,normal
2019-06-05,Release_86,normal
2019-06-06,Release_86,normal
2019-06-07,Release_86,normal
2019-06-10,Release_86,normal
2019-06-11,Release_86,normal
2019-06-12,CPI 소비자물가지수,high
2019-06-12,Release_86,normal
2019-06-13,Release_86,normal
2019-06-14,NFP 고용보고서,high
2019-06-14,Release_86,normal
2019-06-17,Release_86,normal
2019-06-18,Release_86,normal
2019-06-19,Release_86,normal
2019-06-20,Release_86,normal
2019-06-21,Release_86,normal
2019-06-24,Release_86,normal
2019-06-25,Release_86,normal
2019-06-26,Release_86,normal
2019-06-27,GDP 성장률 발표,normal
2019-06-27,Release_86,normal
2019-06-28,PCE 개인소비지출,high
2019-06-28,Release_86,normal
2019-07-01,Release_86,normal
2019-07-02,Release_86,normal
2019-07-03,Release_86,normal
2019-07-05,Release_86,normal
2019-07-08,Release_86,normal
2019-07-09,Release_86,normal
2019-07-10,Release_86,normal
2019-07-11,CPI 소비자물가지수,high
2019-07-11,Release_86,normal
2019-07-12,Release_86,normal
2019-07-15,Release_86,normal
2019-07-16,NFP 고용보고서,high
2019-07-16,Release_86,normal
2019-07-17,Release_86,normal
2019-07-18,Release_86,normal
2019-07-19,Release_86,normal
2019-07-22,Release_86,normal
2019-07-23,Release_86,normal
2019-07-24,Release_86,normal
2019-07-25,Release_86,normal
2019-07-26,GDP 성장률 발표,normal
2019-07-26,Release_86,normal
2019-07-29,Release_86,normal
2019-07-30,PCE 개인소비지출,high
2019-07-30,Release_86,normal
2019-07-31,Release_86,normal
2019-08-01,Release_86,normal
2019-08-02,Release_86,normal
2019-08-05,Release_86,normal
2019-08-06,Release_86,normal
2019-08-07,Release_86,normal
2019-08-08,Release_86,normal
2019-08-09,Release_86,normal
2019-08-12,Release_86,normal
2019-08-13,CPI 소비자물가지수,high
2019-08-13,Release_86,normal
2019-08-14,Release_86,normal
2019-08-15,NFP 고용보고서,high
2019-08-15,Release_86,normal
2019-08-16,Release_86,normal
2019-08-19,Release_86,normal
2019-08-20,Release_86,normal
2019-08-21,Release_86,normal
2019-08-22,Release_86,normal
2019-08-23,Release_86,normal
2019-08-26,Release_86,normal
2019-08-27,Release_86,normal
2019-08-28,Release_86,normal
2019-08-29,GDP 성장률 발표,normal
2019-08-29,Release_86,normal
2019-08-30,PCE 개인소비지출,high
2019-08-30,Release_86,normal
2019-09-03,Release_86,normal
2019-09-04,Release_86,normal
2019-09-05,Release_86,normal
2019-09-06,Release_86,normal
2019-09-09,Release_86,normal
2019-09-10,Release_86,normal
2019-09-11,Release_86,normal
2019-09-12,CPI 소비자물가지수,high
2019-09-12,Release_86,normal
2019-09-13,Release_86,normal
2019-09-16,Release_86,normal
2019-09-17,NFP 고용보고서,high
2019-09-17,Release_86,normal
2019-09-18,Release_86,normal
2019-09-19,Release_86,normal
2019-09-20,Release_86,normal
2019-09-23,Release_86,normal
2019-09-24,Release_86,normal
2019-09-25,Release_86,normal
2019-09-26,GDP 성장률 발표,normal
2019-09-26,Release_86,normal
2019-09-27,PCE 개인소비지출,high
2019-09-27,Release_86,normal
2019-09-30,Release_86,normal
2019-10-01,Release_86,normal
2019-10-02,Release_86,normal
2019-10-03,Release_86,normal
2019-10-04,Release_86,normal
2019-10-07,Release_86,normal
2019-10-08,Release_86,normal
2019-10-09,Release_86,normal
2019-10-10,CPI 소비자물가지수,high
2019-10-10,Release_86,normal
2019-10-11,Release_86,normal
2019-10-15,Release_86,normal
2019-10-16,Release_86,normal
2019-10-17,NFP 고용보고서,high
2019-10-17,Release_86,normal
2019-10-18,Release_86,normal
2019-10-21,Release_86,normal
2019-10-22,Release_86,normal
2019-10-23,Release_86,normal
2019-10-24,Release_86,normal
2019-10-25,Release_86,normal
2019-10-28,Release_86,normal
2019-10-29,Release_86,normal
2019-10-30,GDP 성장률 발표,normal
2019-10-30,Release_86,normal
2019-10-31,PCE 개인소비지출,high
2019-10-31,Release_86,normal
2019-11-01,Release_86,normal
2019-11-04,Release_86,normal
2019-11-05,Release_86,normal
2019-11-06,Release_86,normal
2019-11-07,Release_86,normal
2019-11-08,Release_86,normal
2019-11-12,Release_86,normal
2019-11-13,CPI 소비자물가지수,high
2019-11-13,Release_86,normal
2019-11-14,FOMC 금리 결정,high
2019-11-14,Release_86,normal
2019-11-15,NFP 고용보고서,high
2019-11-15,Release_86,normal
2019-11-18,Release_86,normal
2019-11-19,Release_86,normal
2019-11-20,Release_86,normal
2019-11-21,Release_86,normal
2019-11-22,Release_86,normal
2019-11-25,Release_86,normal
2019-11-26,Release_86,normal
2019-11-27,GDP 성장률 발표,normal
2019-11-27,PCE 개인소비지출,high
2019-11-27,Release_86,normal
2019-11-29,Release_86,normal
2019-12-02,Release_86,normal
2019-12-03,Release_86,normal
2019-12-04,Release_86,normal
2019-12-05,Release_86,normal
2019-12-06,Release_86,normal
2019-12-09,Release_86,normal
2019-12-10,Release_86,normal
2019-12-11,CPI 소비자물가지수,high
2019-12-11,Release_86,normal
2019-12-12,Release_86,normal
2019-12-13,Release_86,normal
2019-12-16,Release_86,normal
2019-12-17,NFP 고용보고서,high
2019-12-17,Release_86,normal
2019-12-18,Release_86,normal
2019-12-19,Release_86,normal
2019-12-20,GDP 성장률 발표,normal
2019-12-20,PCE 개인소비지출,high
2019-12-20,Release_86,normal
2019-12-23,Release_86,normal
2019-12-26,Release_86,normal
2019-12-27,Release_86,normal
2019-12-30,Release_86,normal
2019-12-31,Release_86,normal
2020-01-02,Release_86,normal
2020-01-03,Release_86,normal
2020-01-06,Release_86,normal
2020-01-07,Release_86,normal
2020-01-08,Release_86,normal
2020-01-09,Release_86,normal
2020-01-10,Release_86,normal
2020-01-13,Release_86,normal
2020-01-14,CPI 소비자물가지수,high
2020-01-14,Release_86,normal
2020-01-15,Release_86,normal
2020-01-16,Release_86,normal
2020-01-17,NFP 고용보고서,high
2020-01-17,Release_86,normal
2020-01-21,Release_86,normal
2020-01-22,Release_86,normal
2020-01-23,Release_86,normal
2020-01-24,Release_86,normal
2020-01-27,Release_86,normal
2020-01-28,Release_86,normal
2020-01-29,Release_86,normal
2020-01-30,GDP 성장률 발표,normal
2020-01-30,Release_86,normal
2020-01-31,PCE 개인소비지출,high
2020-01-31,Release_86,normal
2020-02-03,Release_86,normal
2020-02-04,Release_86,normal
2020-02-05,Release_86,normal
2020-02-06,Release_86,normal
2020-02-07,Release_86,normal
2020-02-10,Release_86,normal
2020-02-11,CPI 소비자물가지수,high
2020-02-11,Release_86,normal
2020-02-12,Release_86,normal
2020-02-13,CPI 소비자물가지수,high
2020-02-13,Release_86,normal
2020-02-14,NFP 고용보고서,high
2020-02-14,Release_86,normal
2020-02-18,Release_86,normal
2020-02-19,Release_86,normal
2020-02-20,Release_86,normal
2020-02-21,Release_86,normal
2020-02-24,Release_86,normal
2020-02-25,Release_86,normal
2020-02-26,Release_86,normal
2020-02-27,GDP 성장률 발표,normal
2020-02-27,Release_86,normal
2020-02-28,PCE 개인소비지출,high
2020-02-28,Release_86,normal
2020-03-02,Release_86,normal
2020-03-03,Release_86,normal
2020-03-04,Release_86,normal
2020-03-05,Release_86,normal
2020-03-06,Release_86,normal
2020-03-09,Release_86,normal
2020-03-10,Release_86,normal
2020-03-11,CPI 소비자물가지수,high
2020-03-11,Release_86,normal
2020-03-12,Release_86,normal
2020-03-13,Release_86,normal
2020-03-16,Release_86,normal
2020-03-17,NFP 고용보고서,high
2020-03-17,Release_86,normal
2020-03-18,Release_86,normal
2020-03-19,Release_86,normal
2020-03-20,Release_86,normal
2020-03-23,Release_86,normal
2020-03-24,Release_86,normal
2020-03-25,Release_86,normal
2020-03-26,GDP 성장률 발표,normal
2020-03-26,Release_86,normal
2020-03-27,PCE 개인소비지출,high
2020-03-27,Release_86,normal
2020-03-30,Release_86,normal
2020-03-31,Release_86,normal
2020-04-01,Release_86,normal
2020-04-02,Release_86,normal
2020-04-03,Release_86,normal
2020-04-06,Release_86,normal
2020-04-07,Release_86,normal
2020-04-08,Release_86,normal
2020-04-09,Release_86,normal
2020-04-10,CPI 소비자물가지수,high
2020-04-10,Release_86,normal
2020-04-14,Release_86,normal
2020-04-15,NFP 고용보고서,high
2020-04-15,Release_86,normal
2020-04-16,Release_86,normal
2020-04-17,Release_86,normal
2020-04-20,Release_86,normal
2020-04-21,Release_86,normal
2020-04-22,Release_86,normal
2020-04-23,Release_86,normal
2020-04-24,Release_86,normal
2020-04-27,Release_86,normal
2020-04-28,Release_86,normal
2020-04-29,GDP 성장률 발표,normal
2020-04-29,Release_86,normal
2020-04-30,PCE 개인소비지출,high
2020-04-30,Release_86,normal
2020-05-01,Release_86,normal
2020-05-04,Release_86,normal
2020-05-05,Release_86,normal
2020-05-06,Release_86,normal
2020-05-07,Release_86,normal
2020-05-08,Release_86,normal
2020-05-11,Release_86,normal
2020-05-12,CPI 소비자물가지수,high
2020-05-12,Release_86,normal
2020-05-13,Release_86,normal
2020-05-14,Release_86,normal
2020-05-15,NFP 고용보고서,high
2020-05-15,Release_86,normal
2020-05-18,Release_86,normal
2020-05-19,Release_86,normal
2020-05-20,Release_86,normal
2020-05-21,Release_86,normal
2020-05-22,Release_86,normal
2020-05-26,Release_86,normal
2020-05-27,Release_86,normal
2020-05-28,GDP 성장률 발표,normal
2020-05-28,Release_86,normal
2020-05-29,PCE 개인소비지출,high
2020-05-29,Release_86,normal
2020-06-01,Release_86,normal
2020-06-02,Release_86,normal
2020-06-03,Release_86,normal
2020-06-04,Release_86,normal
2020-06-05,Release_86,normal
2020-06-08,Release_86,normal
2020-06-09,Release_86,normal
2020-06-10,CPI 소비자물가지수,high
2020-06-10,Release_86,normal
2020-06-11,Release_86,normal
2020-06-12,Release_86,normal
2020-06-15,Release_86,normal
2020-06-16,NFP 고용보고서,high
2020-06-16,Release_86,normal
2020-06-17,Release_86,normal
2020-06-18,Release_86,normal
2020-06-19,Release_86,normal
2020-06-22,Release_86,normal
2020-06-23,Release_86,normal
2020-06-24,Release_86,normal
2020-06-25,GDP 성장률 발표,normal
2020-06-25,Release_86,normal
2020-06-26,PCE 개인소비지출,high
2020-06-26,Release_86,normal
2020-06-29,Release_86,normal
2020-06-30,Release_86,normal
2020-07-01,Release_86,normal
2020-07-02,Release_86,normal
2020-07-06,Release_86,normal
2020-07-07,Release_86,normal
2020-07-08,Release_86,normal
2020-07-09,Release_86,normal
2020-07-10,Release_86,normal
2020-07-13,Release_86,normal
2020-07-14,CPI 소비자물가지수,high
2020-07-14,Release_86,normal
2020-07-15,NFP 고용보고서,high
2020-07-15,Release_86,normal
2020-07-16,Release_86,normal
2020-07-17,Release_86,normal
2020-07-20,Release_86,normal
2020-07-21,Release_86,normal
2020-07-22,Release_86,normal
2020-07-23,Release_86,normal
2020-07-24,Release_86,normal
2020-07-27,Release_86,normal
2020-07-28,Release_86,normal
2020-07-29,Release_86,normal
2020-07-30,GDP 성장률 발표,normal
2020-07-30,Release_86,normal
2020-07-31,PCE 개인소비지출,high
2020-07-31,Release_86,normal
2020-08-03,Release_86,normal
2020-08-04,Release_86,normal
2020-08-05,Release_86,normal
2020-08-06,Release_86,normal
2020-08-07,Release_86,normal
2020-08-10,Release_86,normal
2020-08-11,Release_86,normal
2020-08-12,CPI 소비자물가지수,high
2020-08-12,Release_86,normal
2020-08-13,Release_86,normal
2020-08-14,NFP 고용보고서,high
2020-08-14,Release_86,normal
2020-08-17,Release_86,normal
2020-08-18,Release_86,normal
2020-08-19,Release_86,normal
2020-08-20,Release_86,normal
2020-08-21,Release_86,normal
2020-08-24,Release_86,normal
2020-08-25,Release_86,normal
2020-08-26,Release_86,normal
2020-08-27,GDP 성장률 발표,normal
2020-08-27,Release_86,normal
2020-08-28,PCE 개인소비지출,high
2020-08-28,Release_86,normal
2020-08-31,Release_86,normal
2020-09-01,Release_86,normal
2020-09-02,Release_86,normal
2020-09-04,Release_86,normal
2020-09-08,Release_86,normal
2020-09-09,Release_86,normal
2020-09-10,Release_86,normal
2020-09-11,CPI 소비자물가지수,high
2020-09-11,Release_86,normal
2020-09-14,Release_86,normal
2020-09-15,NFP 고용보고서,high
2020-09-15,Release_86,normal
2020-09-16,GDP 성장률 발표,normal
2020-09-16,Release_86,normal
2020-09-17,Release_86,normal
2020-09-18,Release_86,normal
2020-09-21,Release_86,normal
2020-09-22,Release_86,normal
2020-09-23,Release_86,normal
2020-09-24,Release_86,normal
2020-09-25,Release_86,normal
2020-09-28,Release_86,normal
2020-09-29,Release_86,normal
2020-09-30,GDP 성장률 발표,normal
2020-09-30,Release_86,normal
2020-10-01,PCE 개인소비지출,high
2020-10-01,Release_86,normal
2020-10-02,Release_86,normal
2020-10-05,Release_86,normal
2020-10-06,Release_86,normal
2020-10-07,Release_86,normal
2020-10-08,Release_86,normal
2020-10-09,Release_86,normal
2020-10-13,CPI 소비자물가지수,high
2020-10-13,Release_86,normal
2020-10-14,Release_86,normal
2020-10-15,Release_86,normal
2020-10-16,NFP 고용보고서,high
2020-10-16,Release_86,normal
2020-10-19,Release_86,normal
2020-10-20,Release_86,normal
2020-10-21,Release_86,normal
2020-10-22,Release_86,normal
2020-10-23,Release_86,normal
2020-10-26,Release_86,normal
2020-10-27,Release_86,normal
2020-10-28,Release_86,normal
2020-10-29,GDP 성장률 발표,normal
2020-10-29,Release_86,normal
2020-10-30,PCE 개인소비지출,high
2020-10-30,Release_86,normal
2020-11-02,Release_86,normal
2020-11-03,GDP 성장률 발표,normal
2020-11-03,Release_86,normal
2020-11-04,Release_86,normal
2020-11-05,Release_86,normal
2020-11-06,Release_86,normal
2020-11-09,Release_86,normal
2020-11-10,Release_86,normal
2020-11-12,CPI 소비자물가지수,high
2020-11-12,Release_86,normal
2020-11-13,Release_86,normal
2020-11-16,Release_86,normal
2020-11-17,NFP 고용보고서,high
2020-11-17,FOMC 금리 결정,high
2020-11-17,Release_86,normal
2020-11-18,Release_86,normal
2020-11-19,Release_86,normal
2020-11-20,Release_86,normal
2020-11-23,Release_86,normal
2020-11-24,Release_86,normal
2020-11-25,GDP 성장률 발표,normal
2020-11-25,PCE 개인소비지출,high
2020-11-25,Release_86,normal
2020-11-27,Release_86,normal
2020-11-30,Release_86,normal
2020-12-01,Release_86,normal
2020-12-02,Release_86,normal
2020-12-03,Release_86,normal
2020-12-04,Release_86,normal
2020-12-07,Release_86,normal
2020-12-08,Release_86,normal
2020-12-09,Release_86,normal
2020-12-10,CPI 소비자물가지수,high
2020-12-10,Release_86,normal
2020-12-11,Release_86,normal
2020-12-14,Release_86,normal
2020-12-15,NFP 고용보고서,high
2020-12-15,FOMC 금리 결정,high
2020-12-15,Release_86,normal
2020-12-16,Release_86,normal
2020-12-17,Release_86,normal
2020-12-18,Release_86,normal
2020-12-21,Release_86,normal
2020-12-22,GDP 성장률 발표,normal
2020-12-22,Release_86,normal
2020-12-23,PCE 개인소비지출,high
2020-12-23,Release_86,normal
2020-12-28,Release_86,normal
2020-12-29,Release_86,normal
2020-12-30,Release_86,normal
2020-12-31,Release_86,normal
2021-01-04,Release_86,normal
2021-01-05,Release_86,normal
2021-01-06,Release_86,normal
2021-01-07,Release_86,normal
2021-01-08,Release_86,normal
2021-01-11,Release_86,normal
2021-01-12,Release_86,normal
2021-01-13,CPI 소비자물가지수,high
2021-01-13,Release_86,normal
2021-01-14,Release_86,normal
2021-01-15,NFP 고용보고서,high
2021-01-15,Release_86,normal
2021-01-19,Release_86,normal
2021-01-21,Release_86,normal
2021-01-22,Release_86,normal
2021-01-25,Release_86,normal
2021-01-26,Release_86,normal
2021-01-27,Release_86,normal
2021-01-28,GDP 성장률 발표,normal
2021-01-28,Release_86,normal
2021-01-29,PCE 개인소비지출,high
2021-01-29,Release_86,normal
2021-02-01,Release_86,normal
2021-02-02,Release_86,normal
2021-02-03,Release_86,normal
2021-02-04,Release_86,normal
2021-02-05,Release_86,normal
2021-02-08,CPI 소비자물가지수,high
2021-02-08,Release_86,normal
2021-02-09,Release_86,normal
2021-02-10,CPI 소비자물가지수,high
2021-02-10,Release_86,normal
2021-02-11,Release_86,normal
2021-02-12,Release_86,normal
2021-02-16,Release_86,normal
2021-02-17,NFP 고용보고서,high
2021-02-17,Release_86,normal
2021-02-18,Release_86,normal
2021-02-19,Release_86,normal
2021-02-22,Release_86,normal
2021-02-23,Release_86,normal
2021-02-24,Release_86,normal
2021-02-25,GDP 성장률 발표,normal
2021-02-25,Release_86,normal
2021-02-26,PCE 개인소비지출,high
2021-02-26,Release_86,normal
2021-03-01,Release_86,normal
2021-03-02,Release_86,normal
2021-03-03,Release_86,normal
2021-03-04,Release_86,normal
2021-03-05,Release_86,normal
2021-03-08,Release_86,normal
2021-03-09,Release_86,normal
2021-03-10,CPI 소비자물가지수,high
2021-03-10,Release_86,normal
2021-03-11,Release_86,normal
2021-03-12,Release_86,normal
2021-03-15,Release_86,normal
2021-03-16,NFP 고용보고서,high
2021-03-16,Release_86,normal
2021-03-17,Release_86,normal
2021-03-18,Release_86,normal
2021-03-19,Release_86,normal
2021-03-22,Release_86,normal
2021-03-23,Release_86,normal
2021-03-24,Release_86,normal
2021-03-25,GDP 성장률 발표,normal
2021-03-25,Release_86,normal
2021-03-26,PCE 개인소비지출,high
2021-03-26,Release_86,normal
2021-03-29,Release_86,normal
2021-03-30,Release_86,normal
2021-03-31,Release_86,normal
2021-04-01,Release_86,normal
2021-04-02,Release_86,normal
2021-04-05,Release_86,normal
2021-04-06,Release_86,normal
2021-04-07,Release_86,normal
2021-04-08,Release_86,normal
2021-04-09,Release_86,normal
2021-04-12,Release_86,normal
2021-04-13,CPI 소비자물가지수,high
2021-04-13,Release_86,normal
2021-04-14,Release_86,normal
2021-04-15,NFP 고용보고서,high
2021-04-15,Release_86,normal
2021-04-16,Release_86,normal
2021-04-19,Release_86,normal
2021-04-20,Release_86,normal
2021-04-21,Release_86,normal
2021-04-22,Release_86,normal
2021-04-23,Release_86,normal
2021-04-26,Release_86,normal
2021-04-27,Release_86,normal
2021-04-28,Release_86,normal
2021-04-29,GDP 성장률 발표,normal
2021-04-29,Release_86,normal
2021-04-30,PCE 개인소비지출,high
2021-04-30,Release_86,normal
2021-05-03,Release_86,normal
2021-05-04,Release_86,normal
2021-05-05,Release_86,normal
2021-05-06,Release_86,normal
2021-05-07,Release_86,normal
2021-05-10,Release_86,normal
2021-05-11,Release_86,normal
2021-05-12,CPI 소비자물가지수,high
2021-05-12,Release_86,normal
2021-05-13,Release_86,normal
2021-05-14,NFP 고용보고서,high
2021-05-14,Release_86,normal
2021-05-17,Release_86,normal
2021-05-18,Release_86,normal
2021-05-19,Release_86,normal
2021-05-20,Release_86,normal
2021-05-21,Release_86,normal
2021-05-24,Release_86,normal
2021-05-25,Release_86,normal
2021-05-26,Release_86,normal
2021-05-27,GDP 성장률 발표,normal
2021-05-27,Release_86,normal
2021-05-28,NFP 고용보고서,high
2021-05-28,PCE 개인소비지출,high
2021-05-28,Release_86,normal
2021-06-01,Release_86,normal
2021-06-02,Release_86,normal
2021-06-03,Release_86,normal
2021-06-04,Release_86,normal
2021-06-07,Release_86,normal
2021-06-08,Release_86,normal
2021-06-09,Release_86,normal
2021-06-10,CPI 소비자물가지수,high
2021-06-10,Release_86,normal
2021-06-11,Release_86,normal
2021-06-14,Release_86,normal
2021-06-15,NFP 고용보고서,high
2021-06-15,Release_86,normal
2021-06-16,Release_86,normal
2021-06-17,Release_86,normal
2021-06-21,Release_86,normal
2021-06-22,Release_86,normal
2021-06-23,Release_86,normal
2021-06-24,GDP 성장률 발표,normal
2021-06-24,Release_86,normal
2021-06-25,PCE 개인소비지출,high
2021-06-25,Release_86,normal
2021-06-28,Release_86,normal
2021-06-29,Release_86,normal
2021-06-30,Release_86,normal
2021-07-01,Release_86,normal
2021-07-02,Release_86,normal
2021-07-06,Release_86,normal
2021-07-07,Release_86,normal
2021-07-08,Release_86,normal
2021-07-09,Release_86,normal
2021-07-12,Release_86,normal
2021-07-13,CPI 소비자물가지수,high
2021-07-13,Release_86,normal
2021-07-14,Release_86,normal
2021-07-15,NFP 고용보고서,high
2021-07-15,Release_86,normal
2021-07-16,Release_86,normal
2021-07-19,Release_86,normal
2021-07-20,Release_86,normal
2021-07-21,Release_86,normal
2021-07-22,Release_86,normal
2021-07-23,Release_86,normal
2021-07-26,Release_86,normal
2021-07-27,Release_86,normal
2021-07-28,Release_86,normal
2021-07-29,GDP 성장률 발표,normal
2021-07-29,Release_86,normal
2021-07-30,PCE 개인소비지출,high
2021-07-30,Release_86,normal
2021-08-02,Release_86,normal
2021-08-03,Release_86,normal
2021-08-04,Release_86,normal
2021-08-05,Release_86,normal
2021-08-06,GDP 성장률 발표,normal
2021-08-06,Release_86,normal
2021-08-09,Release_86,normal
2021-08-10,Release_86,normal
2021-08-11,CPI 소비자물가지수,high
2021-08-11,Release_86,normal
2021-08-12,Release_86,normal
2021-08-13,Release_86,normal
2021-08-16,Release_86,normal
2021-08-17,NFP 고용보고서,high
2021-08-17,Release_86,normal
2021-08-18,Release_86,normal
2021-08-19,Release_86,normal
2021-08-20,GDP 성장률 발표,normal
2021-08-20,Release_86,normal
2021-08-23,Release_86,normal
2021-08-24,Release_86,normal
2021-08-25,Release_86,normal
2021-08-26,GDP 성장률 발표,normal
2021-08-26,Release_86,normal
2021-08-27,PCE 개인소비지출,high
2021-08-27,Release_86,normal
2021-08-30,Release_86,normal
2021-08-31,Release_86,normal
2021-09-01,Release_86,normal
2021-09-02,Release_86,normal
2021-09-03,Release_86,normal
2021-09-07,Release_86,normal
2021-09-08,Release_86,normal
2021-09-09,Release_86,normal
2021-09-10,Release_86,normal
2021-09-14,CPI 소비자물가지수,high
2021-09-14,Release_86,normal
2021-09-15,NFP 고용보고서,high
2021-09-15,Release_86,normal
2021-09-16,Release_86,normal
2021-09-17,Release_86,normal
2021-09-20,Release_86,normal
2021-09-21,Release_86,normal
2021-09-22,Release_86,normal
2021-09-23,Release_86,normal
2021-09-24,Release_86,normal
2021-09-27,Release_86,normal
2021-09-28,Release_86,normal
2021-09-29,Release_86,normal
2021-09-30,GDP 성장률 발표,normal
2021-09-30,Release_86,normal
2021-10-01,PCE 개인소비지출,high
2021-10-01,Release_86,normal
2021-10-04,Release_86,normal
2021-10-05,Release_86,normal
2021-10-06,Release_86,normal
2021-10-07,Release_86,normal
2021-10-08,Release_86,normal
2021-10-12,Release_86,normal
2021-10-13,CPI 소비자물가지수,high
2021-10-13,Release_86,normal
2021-10-14,Release_86,normal
2021-10-15,Release_86,normal
2021-10-18,NFP 고용보고서,high
2021-10-18,Release_86,normal
2021-10-19,Release_86,normal
2021-10-20,Release_86,normal
2021-10-21,Release_86,normal
2021-10-22,Release_86,normal
2021-10-25,Release_86,normal
2021-10-26,Release_86,normal
2021-10-27,Release_86,normal
2021-10-28,GDP 성장률 발표,normal
2021-10-28,Release_86,normal
2021-10-29,GDP 성장률 발표,normal
2021-10-29,PCE 개인소비지출,high
2021-10-29,Release_86,normal
2021-11-01,Release_86,normal
2021-11-02,Release_86,normal
2021-11-03,Release_86,normal
2021-11-04,Release_86,normal
2021-11-05,Release_86,normal
2021-11-08,Release_86,normal
2021-11-09,Release_86,normal
2021-11-10,CPI 소비자물가지수,high
2021-11-10,Release_86,normal
2021-11-12,Release_86,normal
2021-11-15,Release_86,normal
2021-11-16,NFP 고용보고서,high
2021-11-16,FOMC 금리 결정,high
2021-11-16,Release_86,normal
2021-11-17,Release_86,normal
2021-11-18,Release_86,normal
2021-11-19,Release_86,normal
2021-11-22,Release_86,normal
2021-11-23,Release_86,normal
2021-11-24,GDP 성장률 발표,normal
2021-11-24,PCE 개인소비지출,high
2021-11-24,Release_86,normal
2021-11-26,Release_86,normal
2021-11-29,Release_86,normal
2021-11-30,Release_86,normal
2021-12-01,Release_86,normal
2021-12-02,Release_86,normal
2021-12-03,Release_86,normal
2021-12-06,Release_86,normal
2021-12-07,Release_86,normal
2021-12-08,Release_86,normal
2021-12-09,Release_86,normal
2021-12-10,CPI 소비자물가지수,high
2021-12-10,Release_86,normal
2021-12-13,Release_86,normal
2021-12-14,Release_86,normal
2021-12-15,Release_86,normal
2021-12-16,NFP 고용보고서,high
2021-12-16,Release_86,normal
2021-12-17,Release_86,normal
2021-12-20,Release_86,normal
2021-12-21,Release_86,normal
2021-12-22,GDP 성장률 발표,normal
2021-12-22,Release_86,normal
2021-12-23,PCE 개인소비지출,high
2021-12-23,Release_86,normal
2021-12-27,Release_86,normal
2021-12-28,Release_86,normal
2021-12-29,Release_86,normal
2021-12-30,Release_86,normal
2022-01-03,Release_86,normal
2022-01-04,Release_86,normal
2022-01-05,Release_86,normal
2022-01-06,Release_86,normal
2022-01-07,Release_86,normal
2022-01-10,Release_86,normal
2022-01-11,Release_86,normal
2022-01-12,CPI 소비자물가지수,high
2022-01-12,Release_86,normal
2022-01-13,Release_86,normal
2022-01-14,NFP 고용보고서,high
2022-01-14,Release_86,normal
2022-01-18,Release_86,normal
2022-01-19,Release_86,normal
2022-01-20,Release_86,normal
2022-01-21,Release_86,normal
2022-01-24,Release_86,normal
2022-01-25,Release_86,normal
2022-01-26,Release_86,normal
2022-01-27,GDP 성장률 발표,normal
2022-01-27,Release_86,normal
2022-01-28,PCE 개인소비지출,high
2022-01-28,Release_86,normal
2022-01-31,Release_86,normal
2022-02-01,Release_86,normal
2022-02-02,Release_86,normal
2022-02-03,Release_86,normal
2022-02-04,Release_86,normal
2022-02-07,Release_86,normal
2022-02-08,CPI 소비자물가지수,high
2022-02-08,Release_86,normal
2022-02-09,Release_86,normal
2022-02-10,CPI 소비자물가지수,high
2022-02-10,Release_86,normal
2022-02-11,Release_86,normal
2022-02-14,Release_86,normal
2022-02-15,Release_86,normal
2022-02-16,NFP 고용보고서,high
2022-02-16,Release_86,normal
2022-02-17,Release_86,normal
2022-02-18,Release_86,normal
2022-02-22,Release_86,normal
2022-02-23,Release_86,normal
2022-02-24,GDP 성장률 발표,normal
2022-02-24,Release_86,normal
2022-02-25,PCE 개인소비지출,high
2022-02-25,Release_86,normal
2022-02-28,Release_86,normal
2022-03-01,Release_86,normal
2022-03-02,Release_86,normal
2022-03-03,Release_86,normal
2022-03-04,Release_86,normal
2022-03-07,Release_86,normal
2022-03-08,Release_86,normal
2022-03-09,Release_86,normal
2022-03-10,CPI 소비자물가지수,high
2022-03-10,Release_86,normal
2022-03-11,Release_86,normal
2022-03-14,Release_86,normal
2022-03-15,Release_86,normal
2022-03-16,Release_86,normal
2022-03-17,NFP 고용보고서,high
2022-03-17,Release_86,normal
2022-03-18,Release_86,normal
2022-03-21,Release_86,normal
2022-03-22,Release_86,normal
2022-03-23,Release_86,normal
2022-03-24,Release_86,normal
2022-03-25,Release_86,normal
2022-03-28,Release_86,normal
2022-03-29,Release_86,normal
2022-03-30,GDP 성장률 발표,normal
2022-03-30,Release_86,normal
2022-03-31,PCE 개인소비지출,high
2022-03-31,Release_86,normal
2022-04-01,Release_86,normal
2022-04-04,Release_86,normal
2022-04-05,Release_86,normal
2022-04-06,Release_86,normal
2022-04-07,Release_86,normal
2022-04-08,Release_86,normal
2022-04-11,Release_86,normal
2022-04-12,CPI 소비자물가지수,high
2022-04-12,Release_86,normal
2022-04-13,Release_86,normal
2022-04-14,Release_86,normal
2022-04-15,NFP 고용보고서,high
2022-04-15,Release_86,normal
2022-04-18,Release_86,normal
2022-04-20,Release_86,normal
2022-04-21,Release_86,normal
2022-04-22,Release_86,normal
2022-04-25,Release_86,normal
2022-04-26,Release_86,normal
2022-04-27,Release_86,normal
2022-04-28,GDP 성장률 발표,normal
2022-04-28,Release_86,normal
2022-04-29,PCE 개인소비지출,high
2022-04-29,Release_86,normal
2022-05-02,Release_86,normal
2022-05-03,Release_86,normal
2022-05-04,Release_86,normal
2022-05-05,Release_86,normal
2022-05-06,Release_86,normal
2022-05-09,Release_86,normal
2022-05-10,Release_86,normal
2022-05-11,CPI 소비자물가지수,high
2022-05-11,Release_86,normal
2022-05-12,Release_86,normal
2022-05-13,Release_86,normal
2022-05-16,Release_86,normal
2022-05-17,NFP 고용보고서,high
2022-05-17,Release_86,normal
2022-05-18,Release_86,normal
2022-05-19,Release_86,normal
2022-05-20,Release_86,normal
2022-05-23,Release_86,normal
2022-05-24,Release_86,normal
2022-05-25,Release_86,normal
2022-05-26,GDP 성장률 발표,normal
2022-05-26,Release_86,normal
2022-05-27,PCE 개인소비지출,high
2022-05-27,Release_86,normal
2022-05-31,Release_86,normal
2022-06-01,Release_86,normal
2022-06-02,Release_86,normal
2022-06-03,Release_86,normal
2022-06-06,Release_86,normal
2022-06-07,Release_86,normal
2022-06-08,Release_86,normal
2022-06-09,Release_86,normal
2022-06-10,CPI 소비자물가지수,high
2022-06-10,Release_86,normal
2022-06-13,Release_86,normal
2022-06-14,Release_86,normal
2022-06-15,Release_86,normal
2022-06-16,Release_86,normal
2022-06-17,NFP 고용보고서,high
2022-06-17,Release_86,normal
2022-06-21,Release_86,normal
2022-06-22,Release_86,normal
2022-06-23,Release_86,normal
2022-06-24,Release_86,normal
2022-06-27,Release_86,normal
2022-06-28,NFP 고용보고서,high
2022-06-28,Release_86,normal
2022-06-29,GDP 성장률 발표,normal
2022-06-29,Release_86,normal
2022-06-30,PCE 개인소비지출,high
2022-06-30,Release_86,normal
2022-07-01,Release_86,normal
2022-07-05,Release_86,normal
2022-07-06,Release_86,normal
2022-07-07,Release_86,normal
2022-07-08,Release_86,normal
2022-07-11,Release_86,normal
2022-07-12,Release_86,normal
2022-07-13,CPI 소비자물가지수,high
2022-07-13,Release_86,normal
2022-07-14,Release_86,normal
2022-07-15,NFP 고용보고서,high
2022-07-15,Release_86,normal
2022-07-18,Release_86,normal
2022-07-19,Release_86,normal
2022-07-20,Release_86,normal
2022-07-21,Release_86,normal
2022-07-22,Release_86,normal
2022-07-25,Release_86,normal
2022-07-26,Release_86,normal
2022-07-27,Release_86,normal
2022-07-28,GDP 성장률 발표,normal
2022-07-28,Release_86,normal
2022-07-29,PCE 개인소비지출,high
2022-07-29,Release_86,normal
2022-08-01,Release_86,normal
2022-08-02,Release_86,normal
2022-08-03,Release_86,normal
2022-08-04,Release_86,normal
2022-08-05,Release_86,normal
2022-08-08,Release_86,normal
2022-08-09,Release_86,normal
2022-08-10,CPI 소비자물가지수,high
2022-08-10,Release_86,normal
2022-08-11,Release_86,normal
2022-08-12,Release_86,normal
2022-08-15,Release_86,normal
2022-08-16,NFP 고용보고서,high
2022-08-16,Release_86,normal
2022-08-17,Release_86,normal
2022-08-18,Release_86,normal
2022-08-19,Release_86,normal
2022-08-22,Release_86,normal
2022-08-23,Release_86,normal
2022-08-24,Release_86,normal
2022-08-25,GDP 성장률 발표,normal
2022-08-25,Release_86,normal
2022-08-26,PCE 개인소비지출,high
2022-08-26,Release_86,normal
2022-08-29,Release_86,normal
2022-08-30,Release_86,normal
2022-08-31,Release_86,normal
2022-09-01,Release_86,normal
2022-09-02,Release_86,normal
2022-09-06,Release_86,normal
2022-09-07,Release_86,normal
2022-09-08,Release_86,normal
2022-09-09,Release_86,normal
2022-09-12,Release_86,normal
2022-09-13,CPI 소비자물가지수,high
2022-09-13,Release_86,normal
2022-09-14,Release_86,normal
2022-09-15,NFP 고용보고서,high
2022-09-15,Release_86,normal
2022-09-16,Release_86,normal
2022-09-19,Release_86,normal
2022-09-20,Release_86,normal
2022-09-21,Release_86,normal
2022-09-22,Release_86,normal
2022-09-23,Release_86,normal
2022-09-26,Release_86,normal
2022-09-27,Release_86,normal
2022-09-28,Release_86,normal
2022-09-29,GDP 성장률 발표,normal
2022-09-29,Release_86,normal
2022-09-30,PCE 개인소비지출,high
2022-09-30,Release_86,normal
2022-10-03,Release_86,normal
2022-10-04,Release_86,normal
2022-10-05,Release_86,normal
2022-10-06,GDP 성장률 발표,normal
2022-10-06,Release_86,normal
2022-10-07,Release_86,normal
2022-10-11,Release_86,normal
2022-10-12,Release_86,normal
2022-10-13,CPI 소비자물가지수,high
2022-10-13,Release_86,normal
2022-10-14,Release_86,normal
2022-10-17,Release_86,normal
2022-10-18,NFP 고용보고서,high
2022-10-18,Release_86,normal
2022-10-19,Release_86,normal
2022-10-20,Release_86,normal
2022-10-21,Release_86,normal
2022-10-24,Release_86,normal
2022-10-25,Release_86,normal
2022-10-26,Release_86,normal
2022-10-27,GDP 성장률 발표,normal
2022-10-27,Release_86,normal
2022-10-28,PCE 개인소비지출,high
2022-10-28,Release_86,normal
2022-10-31,Release_86,normal
2022-11-01,Release_86,normal
2022-11-02,Release_86,normal
2022-11-03,Release_86,normal
2022-11-04,Release_86,normal
2022-11-07,Release_86,normal
2022-11-08,Release_86,normal
2022-11-09,Release_86,normal
2022-11-10,CPI 소비자물가지수,high
2022-11-10,Release_86,normal
2022-11-14,Release_86,normal
2022-11-15,Release_86,normal
2022-11-16,NFP 고용보고서,high
2022-11-16,FOMC 금리 결정,high
2022-11-16,Release_86,normal
2022-11-17,Release_86,normal
2022-11-18,Release_86,normal
2022-11-21,Release_86,normal
2022-11-22,Release_86,normal
2022-11-23,Release_86,normal
2022-11-25,Release_86,normal
2022-11-28,Release_86,normal
2022-11-29,Release_86,normal
2022-11-30,GDP 성장률 발표,normal
2022-11-30,Release_86,normal
2022-12-01,PCE 개인소비지출,high
2022-12-01,Release_86,normal
2022-12-02,Release_86,normal
2022-12-05,Release_86,normal
2022-12-06,Release_86,normal
2022-12-07,Release_86,normal
2022-12-08,Release_86,normal
2022-12-09,Release_86,normal
2022-12-12,Release_86,normal
2022-12-13,CPI 소비자물가지수,high
2022-12-13,Release_86,normal
2022-12-14,Release_86,normal
2022-12-15,NFP 고용보고서,high
2022-12-15,Release_86,normal
2022-12-16,Release_86,normal
2022-12-19,Release_86,normal
2022-12-20,Release_86,normal
2022-12-21,Release_86,normal
2022-12-22,GDP 성장률 발표,normal
2022-12-22,Release_86,normal
2022-12-23,PCE 개인소비지출,high
2022-12-23,Release_86,normal
2022-12-27,Release_86,normal
2022-12-28,Release_86,normal
2022-12-29,Release_86,normal
2022-12-30,Release_86,normal
2023-01-03,Release_86,normal
2023-01-04,Release_86,normal
2023-01-05,Release_86,normal
2023-01-06,Release_86,normal
2023-01-09,Release_86,normal
2023-01-10,Release_86,normal
2023-01-11,Release_86,normal
2023-01-12,CPI 소비자물가지수,high
2023-01-12,Release_86,normal
2023-01-13,Release_86,normal
2023-01-17,Release_86,normal
2023-01-18,NFP 고용보고서,high
2023-01-18,Release_86,normal
2023-01-19,Release_86,normal
2023-01-20,Release_86,normal
2023-01-23,Release_86,normal
2023-01-24,Release_86,normal
2023-01-25,Release_86,normal
2023-01-26,GDP 성장률 발표,normal
2023-01-26,Release_86,normal
2023-01-27,PCE 개인소비지출,high
2023-01-27,Release_86,normal
2023-01-30,Release_86,normal
2023-01-31,Release_86,normal
2023-02-01,Release_86,normal
2023-02-02,Release_86,normal
2023-02-03,Release_86,normal
2023-02-06,Release_86,normal
2023-02-07,Release_86,normal
2023-02-08,Release_86,normal
2023-02-09,Release_86,normal
2023-02-10,CPI 소비자물가지수,high
2023-02-10,Release_86,normal
2023-02-13,Release_86,normal
2023-02-14,CPI 소비자물가지수,high
2023-02-14,Release_86,normal
2023-02-15,NFP 고용보고서,high
2023-02-15,Release_86,normal
2023-02-16,Release_86,normal
2023-02-17,Release_86,normal
2023-02-21,Release_86,normal
2023-02-22,Release_86,normal
2023-02-23,GDP 성장률 발표,normal
2023-02-23,Release_86,normal
2023-02-24,PCE 개인소비지출,high
2023-02-24,Release_86,normal
2023-02-27,Release_86,normal
2023-02-28,Release_86,normal
2023-03-01,Release_86,normal
2023-03-02,Release_86,normal
2023-03-03,Release_86,normal
2023-03-06,Release_86,normal
2023-03-07,Release_86,normal
2023-03-08,Release_86,normal
2023-03-09,Release_86,normal
2023-03-10,Release_86,normal
2023-03-13,Release_86,normal
2023-03-14,CPI 소비자물가지수,high
2023-03-14,Release_86,normal
2023-03-15,Release_86,normal
2023-03-16,Release_86,normal
2023-03-17,NFP 고용보고서,high
2023-03-17,Release_86,normal
2023-03-20,Release_86,normal
2023-03-21,Release_86,normal
2023-03-22,Release_86,normal
2023-03-23,Release_86,normal
2023-03-24,Release_86,normal
2023-03-27,Release_86,normal
2023-03-28,NFP 고용보고서,high
2023-03-28,Release_86,normal
2023-03-29,Release_86,normal
2023-03-30,GDP 성장률 발표,normal
2023-03-30,Release_86,normal
2023-03-31,PCE 개인소비지출,high
2023-03-31,Release_86,normal
2023-04-03,Release_86,normal
2023-04-04,Release_86,normal
2023-04-05,Release_86,normal
2023-04-06,Release_86,normal
2023-04-07,Release_86,normal
2023-04-10,Release_86,normal
2023-04-11,Release_86,normal
2023-04-12,CPI 소비자물가지수,high
2023-04-12,Release_86,normal
2023-04-13,Release_86,normal
2023-04-14,NFP 고용보고서,high
2023-04-14,Release_86,normal
2023-04-17,Release_86,normal
2023-04-18,Release_86,normal
2023-04-19,Release_86,normal
2023-04-20,Release_86,normal
2023-04-21,Release_86,normal
2023-04-24,Release_86,normal
2023-04-25,Release_86,normal
2023-04-26,Release_86,normal
2023-04-27,GDP 성장률 발표,normal
2023-04-27,Release_86,normal
2023-04-28,PCE 개인소비지출,high
2023-04-28,Release_86,normal
2023-05-01,Release_86,normal
2023-05-02,Release_86,normal
2023-05-03,Release_86,normal
2023-05-04,Release_86,normal
2023-05-05,Release_86,normal
2023-05-08,Release_86,normal
2023-05-09,Release_86,normal
2023-05-10,CPI 소비자물가지수,high
2023-05-10,Release_86,normal
2023-05-11,Release_86,normal
2023-05-12,Release_86,normal
2023-05-15,Release_86,normal
2023-05-16,NFP 고용보고서,high
2023-05-16,Release_86,normal
2023-05-17,Release_86,normal
2023-05-18,Release_86,normal
2023-05-19,Release_86,normal
2023-05-22,Release_86,normal
2023-05-23,Release_86,normal
2023-05-24,Release_86,normal
2023-05-25,GDP 성장률 발표,normal
2023-05-25,Release_86,normal
2023-05-26,PCE 개인소비지출,high
2023-05-26,Release_86,normal
2023-05-30,Release_86,normal
2023-05-31,Release_86,normal
2023-06-01,Release_86,normal
2023-06-02,Release_86,normal
2023-06-05,Release_86,normal
2023-06-06,Release_86,normal
2023-06-07,Release_86,normal
2023-06-08,Release_86,normal
2023-06-09,Release_86,normal
2023-06-12,Release_86,normal
2023-06-13,CPI 소비자물가지수,high
2023-06-13,Release_86,normal
2023-06-14,Release_86,normal
2023-06-15,NFP 고용보고서,high
2023-06-15,Release_86,normal
2023-06-16,Release_86,normal
2023-06-20,Release_86,normal
2023-06-21,Release_86,normal
2023-06-22,Release_86,normal
2023-06-23,Release_86,normal
2023-06-26,Release_86,normal
2023-06-27,Release_86,normal
2023-06-28,Release_86,normal
2023-06-29,GDP 성장률 발표,normal
2023-06-29,Release_86,normal
2023-06-30,PCE 개인소비지출,high
2023-06-30,Release_86,normal
2023-07-03,Release_86,normal
2023-07-05,Release_86,normal
2023-07-06,Release_86,normal
2023-07-07,Release_86,normal
2023-07-10,Release_86,normal
2023-07-11,Release_86,normal
2023-07-12,CPI 소비자물가지수,high
2023-07-12,Release_86,normal
2023-07-13,Release_86,normal
2023-07-14,Release_86,normal
2023-07-17,Release_86,normal
2023-07-18,NFP 고용보고서,high
2023-07-18,Release_86,normal
2023-07-19,Release_86,normal
2023-07-20,Release_86,normal
2023-07-21,Release_86,normal
2023-07-24,Release_86,normal
2023-07-25,Release_86,normal
2023-07-26,Release_86,normal
2023-07-27,GDP 성장률 발표,normal
2023-07-27,Release_86,normal
2023-07-28,PCE 개인소비지출,high
2023-07-28,Release_86,normal
2023-07-31,Release_86,normal
2023-08-01,Release_86,normal
2023-08-02,Release_86,normal
2023-08-03,Release_86,normal
2023-08-04,Release_86,normal
2023-08-07,Release_86,normal
2023-08-08,Release_86,normal
2023-08-09,Release_86,normal
2023-08-10,CPI 소비자물가지수,high
2023-08-10,Release_86,normal
2023-08-11,Release_86,normal
2023-08-14,Release_86,normal
2023-08-15,Release_86,normal
2023-08-16,NFP 고용보고서,high
2023-08-16,Release_86,normal
2023-08-17,Release_86,normal
2023-08-18,Release_86,normal
2023-08-21,Release_86,normal
2023-08-22,Release_86,normal
2023-08-23,Release_86,normal
2023-08-24,Release_86,normal
2023-08-25,Release_86,normal
2023-08-28,Release_86,normal
2023-08-29,Release_86,normal
2023-08-30,GDP 성장률 발표,normal
2023-08-30,Release_86,normal
2023-08-31,PCE 개인소비지출,high
2023-08-31,Release_86,normal
2023-09-01,Release_86,normal
2023-09-05,Release_86,normal
2023-09-06,Release_86,normal
2023-09-07,Release_86,normal
2023-09-08,Release_86,normal
2023-09-11,Release_86,normal
2023-09-12,Release_86,normal
2023-09-13,CPI 소비자물가지수,high
2023-09-13,Release_86,normal
2023-09-14,Release_86,normal
2023-09-15,NFP 고용보고서,high
2023-09-15,Release_86,normal
2023-09-18,Release_86,normal
2023-09-19,Release_86,normal
2023-09-20,Release_86,normal
2023-09-21,Release_86,normal
2023-09-22,Release_86,normal
2023-09-25,Release_86,normal
2023-09-26,Release_86,normal
2023-09-27,Release_86,normal
2023-09-28,GDP 성장률 발표,normal
2023-09-28,Release_86,normal
2023-09-29,PCE 개인소비지출,high
2023-09-29,Release_86,normal
2023-10-02,Release_86,normal
2023-10-03,Release_86,normal
2023-10-04,Release_86,normal
2023-10-05,Release_86,normal
2023-10-06,Release_86,normal
2023-10-10,Release_86,normal
2023-10-11,Release_86,normal
2023-10-12,CPI 소비자물가지수,high
2023-10-12,Release_86,normal
2023-10-13,Release_86,normal
2023-10-16,Release_86,normal
2023-10-17,NFP 고용보고서,high
2023-10-17,Release_86,normal
2023-10-18,Release_86,normal
2023-10-19,Release_86,normal
2023-10-20,Release_86,normal
2023-10-23,Release_86,normal
2023-10-24,Release_86,normal
2023-10-25,Release_86,normal
2023-10-26,GDP 성장률 발표,normal
2023-10-26,Release_86,normal
2023-10-27,PCE 개인소비지출,high
2023-10-27,Release_86,normal
2023-10-30,Release_86,normal
2023-10-31,Release_86,normal
2023-11-01,Release_86,normal
2023-11-02,Release_86,normal
2023-11-03,Release_86,normal
2023-11-06,Release_86,normal
2023-11-07,Release_86,normal
2023-11-08,Release_86,normal
2023-11-09,Release_86,normal
2023-11-13,Release_86,normal
2023-11-14,CPI 소비자물가지수,high
2023-11-14,Release_86,normal
2023-11-15,Release_86,normal
2023-11-16,NFP 고용보고서,high
2023-11-16,FOMC 금리 결정,high
2023-11-16,Release_86,normal
2023-11-17,GDP 성장률 발표,normal
2023-11-17,Release_86,normal
2023-11-20,Release_86,normal
2023-11-21,Release_86,normal
2023-11-22,Release_86,normal
2023-11-27,Release_86,normal
2023-11-28,Release_86,normal
2023-11-29,GDP 성장률 발표,normal
2023-11-29,Release_86,normal
2023-11-30,PCE 개인소비지출,high
2023-11-30,Release_86,normal
2023-12-01,Release_86,normal
2023-12-04,Release_86,normal
2023-12-05,Release_86,normal
2023-12-06,Release_86,normal
2023-12-07,Release_86,normal
2023-12-08,Release_86,normal
2023-12-11,Release_86,normal
2023-12-12,CPI 소비자물가지수,high
2023-12-12,Release_86,normal
2023-12-13,Release_86,normal
2023-12-14,Release_86,normal
2023-12-15,NFP 고용보고서,high
2023-12-15,Release_86,normal
2023-12-18,Release_86,normal
2023-12-19,Release_86,normal
2023-12-20,Release_86,normal
2023-12-21,GDP 성장률 발표,normal
2023-12-21,Release_86,normal
2023-12-22,PCE 개인소비지출,high
2023-12-22,Release_86,normal
2023-12-26,Release_86,normal
2023-12-27,Release_86,normal
2023-12-28,Release_86,normal
2023-12-29,Release_86,normal
2024-01-02,Release_86,normal
2024-01-03,Release_86,normal
2024-01-04,Release_86,normal
2024-01-05,Release_86,normal
2024-01-08,Release_86,normal
2024-01-09,Release_86,normal
2024-01-10,Release_86,normal
2024-01-11,CPI 소비자물가지수,high
2024-01-11,Release_86,normal
2024-01-12,Release_86,normal
2024-01-16,Release_86,normal
2024-01-17,NFP 고용보고서,high
2024-01-17,Release_86,normal
2024-01-18,Release_86,normal
2024-01-19,Release_86,normal
2024-01-22,Release_86,normal
2024-01-23,Release_86,normal
2024-01-24,Release_86,normal
2024-01-25,GDP 성장률 발표,normal
2024-01-25,Release_86,normal
2024-01-26,PCE 개인소비지출,high
2024-01-26,Release_86,normal
2024-01-29,Release_86,normal
2024-01-30,Release_86,normal
2024-01-31,Release_86,normal
2024-02-01,Release_86,normal
2024-02-02,Release_86,normal
2024-02-05,Release_86,normal
2024-02-06,Release_86,normal
2024-02-07,Release_86,normal
2024-02-08,Release_86,normal
2024-02-09,CPI 소비자물가지수,high
2024-02-09,Release_86,normal
2024-02-12,Release_86,normal
2024-02-13,CPI 소비자물가지수,high
2024-02-13,Release_86,normal
2024-02-14,Release_86,normal
2024-02-15,NFP 고용보고서,high
2024-02-15,Release_86,normal
2024-02-16,Release_86,normal
2024-02-20,Release_86,normal
2024-02-21,Release_86,normal
2024-02-22,Release_86,normal
2024-02-23,Release_86,normal
2024-02-26,Release_86,normal
2024-02-27,Release_86,normal
2024-02-28,GDP 성장률 발표,normal
2024-02-28,Release_86,normal
2024-02-29,PCE 개인소비지출,high
2024-02-29,Release_86,normal
2024-03-01,Release_86,normal
2024-03-04,Release_86,normal
2024-03-05,Release_86,normal
2024-03-06,Release_86,normal
2024-03-07,Release_86,normal
2024-03-08,Release_86,normal
2024-03-11,Release_86,normal
2024-03-12,CPI 소비자물가지수,high
2024-03-12,Release_86,normal
2024-03-13,Release_86,normal
2024-03-14,Release_86,normal
2024-03-15,NFP 고용보고서,high
2024-03-15,Release_86,normal
2024-03-18,Release_86,normal
2024-03-19,Release_86,normal
2024-03-20,Release_86,normal
2024-03-21,Release_86,normal
2024-03-22,Release_86,normal
2024-03-25,Release_86,normal
2024-03-26,Release_86,normal
2024-03-27,Release_86,normal
2024-03-28,GDP 성장률 발표,normal
2024-03-28,Release_86,normal
2024-03-29,PCE 개인소비지출,high
2024-03-29,Release_86,normal
2024-04-01,Release_86,normal
2024-04-02,Release_86,normal
2024-04-03,Release_86,normal
2024-04-04,Release_86,normal
2024-04-05,Release_86,normal
2024-04-08,Release_86,normal
2024-04-09,Release_86,normal
2024-04-10,CPI 소비자물가지수,high
2024-04-10,Release_86,normal
2024-04-11,Release_86,normal
2024-04-12,Release_86,normal
2024-04-15,Release_86,normal
2024-04-16,NFP 고용보고서,high
2024-04-16,Release_86,normal
2024-04-17,Release_86,normal
2024-04-18,Release_86,normal
2024-04-19,Release_86,normal
2024-04-22,Release_86,normal
2024-04-23,Release_86,normal
2024-04-24,Release_86,normal
2024-04-25,GDP 성장률 발표,normal
2024-04-25,Release_86,normal
2024-04-26,PCE 개인소비지출,high
2024-04-26,Release_86,normal
2024-04-29,Release_86,normal
2024-04-30,Release_86,normal
2024-05-01,Release_86,normal
2024-05-02,Release_86,normal
2024-05-03,Release_86,normal
2024-05-06,Release_86,normal
2024-05-07,Release_86,normal
2024-05-08,Release_86,normal
2024-05-09,Release_86,normal
2024-05-10,Release_86,normal
2024-05-13,Release_86,normal
2024-05-14,Release_86,normal
2024-05-15,CPI 소비자물가지수,high
2024-05-15,Release_86,normal
2024-05-16,NFP 고용보고서,high
2024-05-16,Release_86,normal
2024-05-17,Release_86,normal
2024-05-20,Release_86,normal
2024-05-21,Release_86,normal
2024-05-22,Release_86,normal
2024-05-23,Release_86,normal
2024-05-24,Release_86,normal
2024-05-28,Release_86,normal
2024-05-29,Release_86,normal
2024-05-30,GDP 성장률 발표,normal
2024-05-30,Release_86,normal
2024-05-31,PCE 개인소비지출,high
2024-05-31,Release_86,normal
2024-06-03,Release_86,normal
2024-06-04,Release_86,normal
2024-06-05,Release_86,normal
2024-06-06,Release_86,normal
2024-06-07,Release_86,normal
2024-06-10,Release_86,normal
2024-06-11,Release_86,normal
2024-06-12,CPI 소비자물가지수,high
2024-06-12,Release_86,normal
2024-06-13,Release_86,normal
2024-06-14,Release_86,normal
2024-06-17,Release_86,normal
2024-06-18,NFP 고용보고서,high
2024-06-18,Release_86,normal
2024-06-20,Release_86,normal
2024-06-21,Release_86,normal
2024-06-24,Release_86,normal
2024-06-25,Release_86,normal
2024-06-26,Release_86,normal
2024-06-27,GDP 성장률 발표,normal
2024-06-27,Release_86,normal
2024-06-28,NFP 고용보고서,high
2024-06-28,PCE 개인소비지출,high
2024-06-28,Release_86,normal
2024-07-01,Release_86,normal
2024-07-02,Release_86,normal
2024-07-03,Release_86,normal
2024-07-05,Release_86,normal
2024-07-08,Release_86,normal
2024-07-09,Release_86,normal
2024-07-10,Release_86,normal
2024-07-11,CPI 소비자물가지수,high
2024-07-11,Release_86,normal
2024-07-12,Release_86,normal
2024-07-15,Release_86,normal
2024-07-16,Release_86,normal
2024-07-17,NFP 고용보고서,high
2024-07-17,Release_86,normal
2024-07-18,Release_86,normal
2024-07-19,Release_86,normal
2024-07-22,Release_86,normal
2024-07-23,Release_86,normal
2024-07-24,Release_86,normal
2024-07-25,GDP 성장률 발표,normal
2024-07-25,Release_86,normal
2024-07-26,PCE 개인소비지출,high
2024-07-26,Release_86,normal
2024-07-29,Release_86,normal
2024-07-30,Release_86,normal
2024-07-31,Release_86,normal
2024-08-01,Release_86,normal
2024-08-02,Release_86,normal
2024-08-05,Release_86,normal
2024-08-06,Release_86,normal
2024-08-07,Release_86,normal
2024-08-08,Release_86,normal
2024-08-09,Release_86,normal
2024-08-12,Release_86,normal
2024-08-13,Release_86,normal
2024-08-14,CPI 소비자물가지수,high
2024-08-14,Release_86,normal
2024-08-15,NFP 고용보고서,high
2024-08-15,Release_86,normal
2024-08-16,Release_86,normal
2024-08-19,Release_86,normal
2024-08-20,Release_86,normal
2024-08-21,Release_86,normal
2024-08-22,Release_86,normal
2024-08-23,Release_86,normal
2024-08-26,Release_86,normal
2024-08-27,Release_86,normal
2024-08-28,Release_86,normal
2024-08-29,GDP 성장률 발표,normal
2024-08-29,Release_86,normal
2024-08-30,PCE 개인소비지출,high
2024-08-30,Release_86,normal
2024-09-03,Release_86,normal
2024-09-04,Release_86,normal
2024-09-05,Release_86,normal
2024-09-06,Release_86,normal
2024-09-09,Release_86,normal
2024-09-10,Release_86,normal
2024-09-11,CPI 소비자물가지수,high
2024-09-11,Release_86,normal
2024-09-12,Release_86,normal
2024-09-13,Release_86,normal
2024-09-16,Release_86,normal
2024-09-17,NFP 고용보고서,high
2024-09-17,Release_86,normal
2024-09-18,Release_86,normal
2024-09-19,Release_86,normal
2024-09-20,Release_86,normal
2024-09-23,Release_86,normal
2024-09-24,Release_86,normal
2024-09-25,Release_86,normal
2024-09-26,GDP 성장률 발표,normal
2024-09-26,Release_86,normal
2024-09-27,PCE 개인소비지출,high
2024-09-27,Release_86,normal
2024-09-30,Release_86,normal
2024-10-01,Release_86,normal
2024-10-02,GDP 성장률 발표,normal
2024-10-02,Release_86,normal
2024-10-03,Release_86,normal
2024-10-04,Release_86,normal
2024-10-07,Release_86,normal
2024-10-08,Release_86,normal
2024-10-09,Release_86,normal
2024-10-10,CPI 소비자물가지수,high
2024-10-10,Release_86,normal
2024-10-11,Release_86,normal
2024-10-15,Release_86,normal
2024-10-16,Release_86,normal
2024-10-17,NFP 고용보고서,high
2024-10-17,Release_86,normal
2024-10-18,Release_86,normal
2024-10-21,Release_86,normal
2024-10-22,Release_86,normal
2024-10-23,Release_86,normal
2024-10-24,Release_86,normal
2024-10-25,Release_86,normal
2024-10-28,Release_86,normal
2024-10-29,Release_86,normal
2024-10-30,GDP 성장률 발표,normal
2024-10-30,Release_86,normal
2024-10-31,PCE 개인소비지출,high
2024-10-31,Release_86,normal
2024-11-01,Release_86,normal
2024-11-04,Release_86,normal
2024-11-05,Release_86,normal
2024-11-06,Release_86,normal
2024-11-07,Release_86,normal
2024-11-08,Release_86,normal
2024-11-12,Release_86,normal
2024-11-13,CPI 소비자물가지수,high
2024-11-13,Release_86,normal
2024-11-14,FOMC 금리 결정,high
2024-11-14,Release_86,normal
2024-11-15,NFP 고용보고서,high
2024-11-15,Release_86,normal
2024-11-18,Release_86,normal
2024-11-19,Release_86,normal
2024-11-20,Release_86,normal
2024-11-21,Release_86,normal
2024-11-22,Release_86,normal
2024-11-25,Release_86,normal
2024-11-26,Release_86,normal
2024-11-27,GDP 성장률 발표,normal
2024-11-27,PCE 개인소비지출,high
2024-11-27,Release_86,normal
2024-11-29,Release_86,normal
2024-12-02,Release_86,normal
2024-12-03,Release_86,normal
2024-12-04,Release_86,normal
2024-12-05,Release_86,normal
2024-12-06,Release_86,normal
2024-12-09,Release_86,normal
2024-12-10,Release_86,normal
2024-12-11,CPI 소비자물가지수,high
2024-12-11,Release_86,normal
2024-12-12,Release_86,normal
2024-12-13,Release_86,normal
2024-12-16,Release_86,normal
2024-12-17,NFP 고용보고서,high
2024-12-17,Release_86,normal
2024-12-18,Release_86,normal
2024-12-19,GDP 성장률 발표,normal
2024-12-19,Release_86,normal
2024-12-20,PCE 개인소비지출,high
2024-12-20,Release_86,normal
2024-12-23,Release_86,normal
2024-12-26,Release_86,normal
2024-12-27,Release_86,normal
2024-12-30,Release_86,normal
2024-12-31,Release_86,normal
2025-01-02,Release_86,normal
2025-01-03,Release_86,normal
2025-01-06,Release_86,normal
2025-01-07,Release_86,normal
2025-01-08,Release_86,normal
2025-01-10,Release_86,normal
2025-01-13,Release_86,normal
2025-01-14,Release_86,normal
2025-01-15,CPI 소비자물가지수,high
2025-01-15,Release_86,normal
2025-01-16,Release_86,normal
2025-01-17,NFP 고용보고서,high
2025-01-17,Release_86,normal
2025-01-21,Release_86,normal
2025-01-22,Release_86,normal
2025-01-23,Release_86,normal
2025-01-24,Release_86,normal
2025-01-27,Release_86,normal
2025-01-28,Release_86,normal
2025-01-29,Release_86,normal
2025-01-30,GDP 성장률 발표,normal
2025-01-30,Release_86,normal
2025-01-31,PCE 개인소비지출,high
2025-01-31,Release_86,normal
2025-02-03,Release_86,normal
2025-02-04,Release_86,normal
2025-02-05,Release_86,normal
2025-02-06,Release_86,normal
2025-02-07,Release_86,normal
2025-02-10,Release_86,normal
2025-02-11,Release_86,normal
2025-02-12,CPI 소비자물가지수,high
2025-02-12,Release_86,normal
2025-02-13,Release_86,normal
2025-02-14,NFP 고용보고서,high
2025-02-14,Release_86,normal
2025-02-18,Release_86,normal
2025-02-19,Release_86,normal
2025-02-20,FOMC 금리 결정,high
2025-02-20,Release_86,normal
2025-02-21,Release_86,normal
2025-02-24,Release_86,normal
2025-02-25,Release_86,normal
2025-02-26,Release_86,normal
2025-02-27,GDP 성장률 발표,normal
2025-02-27,Release_86,normal
2025-02-28,PCE 개인소비지출,high
2025-02-28,Release_86,normal
2025-03-03,Release_86,normal
2025-03-04,Release_86,normal
2025-03-05,Release_86,normal
2025-03-06,Release_86,normal
2025-03-07,Release_86,normal
2025-03-10,Release_86,normal
2025-03-11,Release_86,normal
2025-03-12,CPI 소비자물가지수,high
2025-03-12,Release_86,normal
2025-03-13,Release_86,normal
2025-03-14,Release_86,normal
2025-03-17,Release_86,normal
2025-03-18,NFP 고용보고서,high
2025-03-18,Release_86,normal
2025-03-19,Release_86,normal
2025-03-20,Release_86,normal
2025-03-21,Release_86,normal
2025-03-24,Release_86,normal
2025-03-25,Release_86,normal
2025-03-26,Release_86,normal
2025-03-27,GDP 성장률 발표,normal
2025-03-27,Release_86,normal
2025-03-28,PCE 개인소비지출,high
2025-03-28,Release_86,normal
2025-03-31,Release_86,normal
2025-04-01,Release_86,normal
2025-04-02,Release_86,normal
2025-04-03,Release_86,normal
2025-04-04,Release_86,normal
2025-04-07,Release_86,normal
2025-04-08,Release_86,normal
2025-04-09,Release_86,normal
2025-04-10,CPI 소비자물가지수,high
2025-04-10,Release_86,normal
2025-04-11,Release_86,normal
2025-04-14,Release_86,normal
2025-04-15,Release_86,normal
2025-04-16,NFP 고용보고서,high
2025-04-16,Release_86,normal
2025-04-17,Release_86,normal
2025-04-18,Release_86,normal
2025-04-21,Release_86,normal
2025-04-22,Release_86,normal
2025-04-23,Release_86,normal
2025-04-24,Release_86,normal
2025-04-25,Release_86,normal
2025-04-28,Release_86,normal
2025-04-29,Release_86,normal
2025-04-30,GDP 성장률 발표,normal
2025-04-30,PCE 개인소비지출,high
2025-04-30,Release_86,normal
2025-05-01,Release_86,normal
2025-05-02,Release_86,normal
2025-05-05,Release_86,normal
2025-05-06,Release_86,normal
2025-05-07,Release_86,normal
2025-05-08,Release_86,normal
2025-05-09,Release_86,normal
2025-05-12,Release_86,normal
2025-05-13,CPI 소비자물가지수,high
2025-05-13,Release_86,normal
2025-05-14,Release_86,normal
2025-05-15,NFP 고용보고서,high
2025-05-15,Release_86,normal
2025-05-16,Release_86,normal
2025-05-19,Release_86,normal
2025-05-20,Release_86,normal
2025-05-21,Release_86,normal
2025-05-22,Release_86,normal
2025-05-23,Release_86,normal
2025-05-27,Release_86,normal
2025-05-28,Release_86,normal
2025-05-29,GDP 성장률 발표,normal
2025-05-29,Release_86,normal
2025-05-30,PCE 개인소비지출,high
2025-05-30,Release_86,normal
2025-06-02,Release_86,normal
2025-06-03,Release_86,normal
2025-06-04,Release_86,normal
2025-06-05,Release_86,normal
2025-06-06,Release_86,normal
2025-06-09,Release_86,normal
2025-06-10,Release_86,normal
2025-06-11,CPI 소비자물가지수,high
2025-06-11,Release_86,normal
2025-06-12,Release_86,normal
2025-06-13,Release_86,normal
2025-06-16,Release_86,normal
2025-06-17,NFP 고용보고서,high
2025-06-17,Release_86,normal
2025-06-18,Release_86,normal
2025-06-20,Release_86,normal
2025-06-23,Release_86,normal
2025-06-24,Release_86,normal
2025-06-25,Release_86,normal
2025-06-26,GDP 성장률 발표,normal
2025-06-26,Release_86,normal
2025-06-27,PCE 개인소비지출,high
2025-06-27,Release_86,normal
2025-06-30,Release_86,normal
2025-07-01,Release_86,normal
2025-07-02,Release_86,normal
2025-07-03,Release_86,normal
2025-07-07,Release_86,normal
2025-07-08,Release_86,normal
2025-07-09,Release_86,normal
2025-07-10,Release_86,normal
2025-07-11,Release_86,normal
2025-07-14,Release_86,normal
2025-07-15,CPI 소비자물가지수,high
2025-07-15,Release_86,normal
2025-07-16,NFP 고용보고서,high
2025-07-16,Release_86,normal
2025-07-17,Release_86,normal
2025-07-18,Release_86,normal
2025-07-21,Release_86,normal
2025-07-22,Release_86,normal
2025-07-23,Release_86,normal
2025-07-24,Release_86,normal
2025-07-25,Release_86,normal
2025-07-28,Release_86,normal
2025-07-29,Release_86,normal
2025-07-30,GDP 성장률 발표,normal
2025-07-30,Release_86,normal
2025-07-31,PCE 개인소비지출,high
2025-07-31,Release_86,normal
2025-08-01,Release_86,normal
2025-08-04,Release_86,normal
2025-08-05,Release_86,normal
2025-08-06,Release_86,normal
2025-08-07,Release_86,normal
2025-08-08,Release_86,normal
2025-08-11,Release_86,normal
2025-08-12,CPI 소비자물가지수,high
2025-08-12,Release_86,normal
2025-08-13,Release_86,normal
2025-08-14,Release_86,normal
2025-08-15,NFP 고용보고서,high
2025-08-15,Release_86,normal
2025-08-18,Release_86,normal
2025-08-19,Release_86,normal
2025-08-20,Release_86,normal
2025-08-21,Release_86,normal
2025-08-22,Release_86,normal
2025-08-25,Release_86,normal
2025-08-26,Release_86,normal
2025-08-27,Release_86,normal
2025-08-28,GDP 성장률 발표,normal
2025-08-28,Release_86,normal
2025-08-29,PCE 개인소비지출,high
2025-08-29,Release_86,normal
2025-09-02,Release_86,normal
2025-09-03,Release_86,normal
2025-09-04,Release_86,normal
2025-09-05,Release_86,normal
2025-09-08,Release_86,normal
2025-09-09,Release_86,normal
2025-09-10,Release_86,normal
2025-09-11,CPI 소비자물가지수,high
2025-09-11,Release_86,normal
2025-09-12,Release_86,normal
2025-09-15,Release_86,normal
2025-09-16,NFP 고용보고서,high
2025-09-16,Release_86,normal
2025-09-17,Release_86,normal
2025-09-18,Release_86,normal
2025-09-19,Release_86,normal
2025-09-22,Release_86,normal
2025-09-23,Release_86,normal
2025-09-24,Release_86,normal
2025-09-25,GDP 성장률 발표,normal
2025-09-25,Release_86,normal
2025-09-26,PCE 개인소비지출,high
2025-09-26,Release_86,normal
2025-09-29,Release_86,normal
2025-09-30,Release_86,normal
2025-10-01,Release_86,normal
2025-10-02,Release_86,normal
2025-10-03,Release_86,normal
2025-10-06,Release_86,normal
2025-10-07,Release_86,normal
2025-10-08,Release_86,normal
2025-10-09,Release_86,normal
2025-10-10,Release_86,normal
2025-10-14,Release_86,normal
2025-10-15,Release_86,normal
2025-10-16,Release_86,normal
2025-10-17,Release_86,normal
2025-10-20,Release_86,normal
2025-10-21,Release_86,normal
2025-10-22,Release_86,normal
2025-10-23,Release_86,normal
2025-10-24,CPI 소비자물가지수,high
2025-10-24,Release_86,normal
2025-10-27,Release_86,normal
2025-10-28,Release_86,normal
2025-10-29,Release_86,normal
2025-10-30,Release_86,normal
2025-10-31,Release_86,normal
2025-11-03,Release_86,normal
2025-11-04,Release_86,normal
2025-11-05,Release_86,normal
2025-11-06,Release_86,normal
2025-11-07,Release_86,normal
2025-11-10,Release_86,normal
2025-11-12,Release_86,normal
2025-11-13,Release_86,normal
2025-11-14,Release_86,normal
2025-11-17,Release_86,normal
2025-11-18,Release_86,normal
2025-11-19,Release_86,normal
2025-11-20,Release_86,normal
2025-11-21,Release_86,normal
2025-11-24,NFP 고용보고서,high
2025-11-24,Release_86,normal
2025-11-25,Release_86,normal
2025-11-26,Release_86,normal
2025-11-28,Release_86,normal
2025-12-01,Release_86,normal
2025-12-02,Release_86,normal
2025-12-03,NFP 고용보고서,high
2025-12-03,Release_86,normal
2025-12-04,Release_86,normal
2025-12-05,PCE 개인소비지출,high
2025-12-05,Release_86,normal
2025-12-08,Release_86,normal
2025-12-09,Release_86,normal
2025-12-10,Release_86,normal
2025-12-11,Release_86,normal
2025-12-12,Release_86,normal
2025-12-15,Release_86,normal
2025-12-16,Release_86,normal
2025-12-17,Release_86,normal
2025-12-18,CPI 소비자물가지수,high
2025-12-18,Release_86,normal
2025-12-19,Release_86,normal
2025-12-22,Release_86,normal
2025-12-23,NFP 고용보고서,high
2025-12-23,GDP 성장률 발표,normal
2025-12-23,PCE 개인소비지출,high
2025-12-23,Release_86,normal
2025-12-29,Release_86,normal
2025-12-30,Release_86,normal
2025-12-31,Release_86,normal
2026-01-02,Release_86,normal
2026-01-05,Release_86,normal
2026-01-06,Release_86,normal
2026-01-07,Release_86,normal
2026-01-08,Release_86,normal
2026-01-09,Release_86,normal
2026-01-12,Release_86,normal
2026-01-13,CPI 소비자물가지수,high
2026-01-13,Release_86,normal
2026-01-14,Release_86,normal
2026-01-15,Release_86,normal
2026-01-16,NFP 고용보고서,high
2026-01-16,Release_86,normal
2026-01-20,Release_86,normal
2026-01-21,Release_86,normal
2026-01-22,GDP 성장률 발표,normal
2026-01-22,PCE 개인소비지출,high
2026-01-22,Release_86,normal
2026-01-23,Release_86,normal
2026-01-26,Release_86,normal
2026-01-27,Release_86,normal
2026-01-28,Release_86,normal
2026-01-29,Release_86,normal
2026-01-30,Release_86,normal
2026-02-02,Release_86,normal
2026-02-03,Release_86,normal
2026-02-04,Release_86,normal
2026-02-05,FOMC 금리 결정,high
2026-02-05,Release_86,normal
2026-02-06,Release_86,normal
2026-02-09,Release_86,normal
2026-02-10,Release_86,normal
2026-02-11,Release_86,normal
2026-02-12,Release_86,normal
2026-02-13,CPI 소비자물가지수,high
2026-02-13,Release_86,normal
2026-02-17,Release_86,normal
2026-02-18,NFP 고용보고서,high
2026-02-18,Release_86,normal
2026-02-19,Release_86,normal
2026-02-20,GDP 성장률 발표,normal
2026-02-20,PCE 개인소비지출,high
2026-02-20,Release_86,normal
2026-02-23,Release_86,normal
2026-02-24,Release_86,normal
2026-02-25,Release_86,normal
2026-02-26,Release_86,normal
2026-02-27,Release_86,normal
2026-03-02,Release_86,normal
2026-03-03,Release_86,normal
2026-03-04,Release_86,normal
2026-03-05,Release_86,normal
2026-03-06,Release_86,normal
2026-03-09,Release_86,normal
2026-03-10,Release_86,normal
2026-03-11,CPI 소비자물가지수,high
2026-03-11,Release_86,normal
2026-03-12,Release_86,normal
2026-03-13,GDP 성장률 발표,normal
2026-03-13,PCE 개인소비지출,high
2026-03-13,Release_86,normal
2026-03-16,NFP 고용보고서,high
2026-03-16,Release_86,normal
2026-03-17,Release_86,normal
2026-03-18,Release_86,normal
2026-03-19,Release_86,normal
2026-03-20,Release_86,normal
2026-03-23,Release_86,normal
2026-03-24,Release_86,normal
2026-03-25,Release_86,normal
2026-03-26,Release_86,normal
2026-03-27,Release_86,normal
2026-03-30,Release_86,normal
2026-03-31,Release_86,normal
2026-04-01,Release_86,normal
2026-04-02,Release_86,normal
2026-04-03,Release_86,normal
2026-04-06,Release_86,normal
2026-04-07,Release_86,normal
2026-04-08,Release_86,normal
2026-04-09,GDP 성장률 발표,normal
2026-04-09,PCE 개인소비지출,high
2026-04-09,Release_86,normal
2026-04-10,CPI 소비자물가지수,high
2026-04-10,Release_86,normal
2026-04-13,Release_86,normal
2026-04-14,Release_86,normal
2026-04-15,Release_86,normal
2026-04-16,NFP 고용보고서,high
2026-04-16,Release_86,normal
2026-04-17,Release_86,normal
2026-04-20,Release_86,normal
2026-04-21,Release_86,normal
2026-04-22,Release_86,normal
2026-04-23,Release_86,normal
2026-04-24,Release_86,normal
2026-04-27,Release_86,normal
2026-04-28,Release_86,normal
2026-04-29,Release_86,normal
2026-04-30,GDP 성장률 발표,normal
2026-04-30,PCE 개인소비지출,high
2026-04-30,Release_86,normal
2026-05-01,Release_86,normal
2026-05-04,Release_86,normal
2026-05-05,Release_86,normal
2026-05-06,Release_86,normal
2026-05-07,Release_86,normal
2026-05-08,Release_86,normal
2026-05-11,Release_86,normal
2026-05-12,CPI 소비자물가지수,high
2026-05-12,Release_86,normal
2026-05-13,Release_86,normal
2026-05-14,Release_86,normal
2026-05-15,NFP 고용보고서,high
2026-05-15,Release_86,normal
2026-05-18,Release_86,normal
2026-05-19,Release_86,normal
2026-05-20,Release_86,normal
2026-05-21,Release_86,normal
2026-05-22,Release_86,normal
2026-05-26,Release_86,normal
2026-05-27,Release_86,normal
2026-05-28,GDP 성장률 발표,normal
2026-05-28,PCE 개인소비지출,high
2026-05-28,Release_86,normal
2026-05-29,Release_86,normal
2026-06-01,Release_86,normal
2026-06-02,Release_86,normal
2026-06-03,Release_86,normal
2026-06-04,Release_86,normal
2026-06-05,Release_86,normal
2026-06-08,Release_86,normal
2026-06-09,Release_86,normal
2026-06-10,CPI 소비자물가지수,high
2026-06-10,Release_86,normal
2026-06-11,Release_86,normal
2026-06-12,Release_86,normal
2026-06-15,NFP 고용보고서,high
2026-06-15,Release_86,normal
2026-06-16,Release_86,normal
2026-06-17,Release_86,normal
2026-06-18,Release_86,normal
2026-06-22,Release_86,normal
2026-06-23,Release_86,normal
2026-06-24,Release_86,normal
2026-06-25,GDP 성장률 발표,normal
2026-06-25,PCE 개인소비지출,high
2026-06-25,Release_86,normal
2026-06-26,Release_86,normal
2026-06-29,Release_86,normal
2026-06-30,Release_86,normal
2026-07-01,Release_86,normal
2026-07-02,Release_86,normal
2026-07-06,Release_86,normal
2026-07-07,Release_86,normal
2026-07-08,Release_86,normal
2026-07-09,Release_86,normal
2026-07-10,Release_86,normal
2026-07-13,Release_86,normal
2026-07-14,CPI 소비자물가지수,high
2026-07-14,Release_86,normal
2026-07-15,Release_86,normal
2026-07-16,Release_86,normal
2026-07-17,NFP 고용보고서,high
2026-07-17,Release_86,normal
2026-07-20,Release_86,normal
2026-07-21,Release_86,normal
2026-07-22,Release_86,normal
2026-07-23,Release_86,normal
2026-07-24,Release_86,normal
2026-07-27,Release_86,normal
2026-07-28,Release_86,normal
2026-07-29,Release_86,normal
2026-07-30,GDP 성장률 발표,normal
2026-07-30,PCE 개인소비지출,high
2026-07-30,Release_86,normal
2026-07-31,Release_86,normal
2026-08-03,Release_86,normal
2026-08-04,Release_86,normal
2026-08-05,Release_86,normal
2026-08-06,Release_86,normal
2026-08-07,Release_86,normal
2026-08-10,Release_86,normal
2026-08-11,Release_86,normal
2026-08-12,CPI 소비자물가지수,high
2026-08-12,Release_86,normal
2026-08-13,Release_86,normal
2026-08-14,Release_86,normal
2026-08-17,Release_86,normal
2026-08-18,NFP 고용보고서,high
2026-08-18,Release_86,normal
2026-08-19,Release_86,normal
2026-08-20,Release_86,normal
2026-08-21,Release_86,normal
2026-08-24,Release_86,normal
2026-08-25,Release_86,normal
2026-08-26,GDP 성장률 발표,normal
2026-08-26,PCE 개인소비지출,high
2026-08-26,Release_86,normal
2026-08-27,Release_86,normal
2026-08-28,Release_86,normal
2026-08-31,Release_86,normal
2026-09-01,Release_86,normal
2026-09-02,Release_86,normal
2026-09-03,Release_86,normal
2026-09-04,Release_86,normal
2026-09-08,Release_86,normal
2026-09-09,Release_86,normal
2026-09-10,Release_86,normal
2026-09-11,CPI 소비자물가지수,high
2026-09-11,Release_86,normal
2026-09-14,Release_86,normal
2026-09-15,Release_86,normal
2026-09-16,Release_86,normal
2026-09-17,Release_86,normal
2026-09-18,NFP 고용보고서,high
2026-09-18,Release_86,normal
2026-09-21,Release_86,normal
2026-09-22,Release_86,normal
